Employee Name,EmpID,MarriedID,MaritalStatusID,EmpStatusID,DeptID,PerfScoreID,FromDiversityJobFairID,Salary,Termd,PositionID,Position,State,Zip,DOB,Sex,MaritalDesc,CitizenDesc,HispanicLatino,RaceDesc,DateofHire,DateofTermination,TermReason,EmploymentStatus,Department,ManagerName,ManagerID,RecruitmentSource,PerformanceScore,EngagementSurvey,EmpSatisfaction,SpecialProjectsCount,LastPerformanceReviewDate,DaysLateLast30,Absences
Harper Davis,EMP10000,0,1,5,4,3,0,59227.61,1,18,Administrative Assistant,RI,12251,1966-04-24,F,Married,US Citizen,No,Black or African American,2018-08-22,2020-10-19,Relocation,Terminated,Admin Offices,Sarah Johnson,4,Employee Referral,Fully Meets,4.0,2,0,2025-12-31,2,4
Logan Brown,EMP10001,0,3,1,1,2,0,53557.94,0,17,Production Manager,PA,35345,1984-08-08,F,Married,US Citizen,Yes,White,2014-03-04,,,Active,Production,James Anderson,5,Other,Partially Meets,3.88,4,0,2021-11-16,3,4
Jordan Davis,EMP10002,0,2,1,1,3,0,84380.47,0,1,Area Sales Manager,CT,67967,1996-04-01,M,Married,US Citizen,No,Asian,2017-10-14,,,Active,Production,Michael Smith,10,Indeed,Fully Meets,4.07,5,2,2024-04-07,2,3
Emerson Johnson,EMP10003,0,3,1,1,2,0,72972.59,0,3,Production Technician I,NY,33802,1965-10-26,M,Widowed,US Citizen,No,White,2013-12-01,,,Active,Production,James Anderson,4,Employee Referral,Partially Meets,2.97,3,1,2023-07-06,1,5
Drew Lewis,EMP10004,0,1,1,2,3,0,59684.35,0,7,Database Administrator,NY,70435,1977-09-25,M,Single,US Citizen,No,Hispanic,2022-01-14,,,Active,IT/IS,Sarah Johnson,5,Indeed,Fully Meets,2.51,4,1,2025-12-31,1,6
Rowan Brown,EMP10005,0,5,1,2,4,0,53679.95,0,10,Network Engineer,MA,34808,1975-07-02,F,Single,US Citizen,No,White,2015-09-18,,,Active,IT/IS,Michael Smith,2,LinkedIn,Exceeds,4.08,2,0,2025-12-31,0,2
Riley Wilson,EMP10006,0,1,1,1,2,0,30000.0,0,9,Production Technician I,MA,53282,2000-12-20,M,Divorced,US Citizen,No,Asian,2021-09-01,,,Active,Production,Robert Wilson,5,LinkedIn,Partially Meets,3.44,4,3,2025-11-12,1,3
Avery Taylor,EMP10007,0,5,1,1,3,1,37454.61,0,14,Production Technician II,MA,60697,1986-06-04,M,Single,US Citizen,No,American Indian or Alaska Native,2020-02-07,,,Active,Production,Patricia Thomas,10,Website,Fully Meets,3.9,4,1,2025-12-31,0,5
Casey Lewis,EMP10008,0,5,1,5,3,1,64916.75,0,20,Senior Software Engineer,CT,18685,1979-08-16,M,Married,US Citizen,No,White,2013-05-26,,,Active,Software Engineering,Daniel Jackson,6,Diversity Job Fair,Fully Meets,2.32,3,0,2025-12-31,2,3
Morgan Davis,EMP10009,0,5,1,1,3,0,53390.75,0,11,Area Sales Manager,RI,19844,1965-06-12,M,Married,US Citizen,Yes,Black or African American,2018-06-11,,,Active,Production,Emily White,9,LinkedIn,Fully Meets,3.49,3,0,2018-11-05,2,8
Taylor Garcia,EMP10010,0,3,1,3,2,0,67349.28,0,8,Area Sales Manager,NH,71080,1982-04-15,F,Married,US Citizen,No,White,2015-11-29,,,Active,Sales,Patricia Thomas,7,Employee Referral,Partially Meets,2.94,1,0,2025-12-31,2,10
Rowan Martin,EMP10011,0,2,1,2,3,0,46030.21,0,12,Network Engineer,MA,51166,1960-01-29,M,Married,US Citizen,No,White,2019-01-06,,,Active,IT/IS,James Anderson,1,Indeed,Fully Meets,4.58,4,1,2025-12-31,1,9
Morgan Thompson,EMP10012,0,3,1,3,3,1,45490.82,0,2,Sales Representative,RI,21309,1989-10-17,M,Married,US Citizen,No,White,2020-03-19,,,Active,Sales,Robert Wilson,10,Website,Fully Meets,3.68,4,0,2025-12-31,1,9
Jordan Smith,EMP10013,0,4,1,1,1,0,50229.65,0,18,Production Technician I,PA,74265,1972-05-31,M,Single,US Citizen,No,Hispanic,2017-03-23,,,Active,Production,Daniel Jackson,8,Employee Referral,PIP,2.33,4,1,2025-12-31,0,1
Alex Smith,EMP10014,0,2,1,1,2,0,120192.35,0,12,Production Manager,MA,38969,1985-04-22,F,Married,Eligible NonCitizen,No,Asian,2016-02-17,,,Active,Production,Michael Smith,5,Indeed,Partially Meets,4.7,4,1,2016-06-18,1,4
Parker Robinson,EMP10015,0,3,1,1,3,0,59291.03,0,5,Production Technician I,PA,23241,2000-07-25,M,Separated,US Citizen,No,White,2021-03-30,,,Active,Production,Jennifer Davis,5,Website,Fully Meets,4.09,4,3,2024-01-11,2,2
Jamie Davis,EMP10016,1,3,1,1,2,1,121591.98,0,12,Production Manager,MA,85824,1973-04-19,M,Single,US Citizen,No,Black or African American,2011-07-05,,,Active,Production,Daniel Jackson,10,Website,Partially Meets,3.58,5,3,2021-06-25,2,7
Casey Lewis,EMP10017,0,5,1,5,3,0,41137.37,0,19,Senior Software Engineer,MA,41786,1978-12-11,F,Married,US Citizen,No,White,2016-01-26,,,Active,Software Engineering,Lisa Miller,3,Indeed,Fully Meets,2.72,3,2,2025-12-31,3,3
Rowan Davis,EMP10018,0,5,1,1,4,0,75381.62,0,5,Area Sales Manager,NY,64107,1967-04-10,M,Divorced,US Citizen,No,Two or More Races,2013-09-13,,,Active,Production,Robert Wilson,9,CareerBuilder,Exceeds,3.34,1,0,2022-05-19,1,7
Jordan Garcia,EMP10019,0,3,1,2,3,0,59278.01,0,16,Network Engineer,MA,41827,1963-03-05,M,Married,US Citizen,No,White,2015-01-29,,,Active,IT/IS,James Anderson,2,Website,Fully Meets,2.84,3,1,2025-12-31,1,6
Morgan Clark,EMP10020,0,5,1,1,3,0,77992.74,0,14,Production Technician II,CT,83219,1972-12-02,M,Single,US Citizen,No,White,2024-09-01,,,Active,Production,Michael Smith,9,CareerBuilder,Fully Meets,2.97,3,0,2025-12-31,0,4
Harper Robinson,EMP10021,0,1,1,1,3,0,71595.08,0,12,Production Manager,NH,96769,1962-07-05,F,Married,US Citizen,No,White,2014-09-29,,,Active,Production,Emily White,1,Website,Fully Meets,4.41,5,1,2025-12-31,2,4
Morgan Martinez,EMP10022,0,5,1,2,3,0,56256.09,0,10,Database Administrator,MA,76504,1972-05-10,F,Single,US Citizen,No,Hispanic,2011-02-27,,,Active,IT/IS,Sarah Johnson,1,Google Search,Fully Meets,3.49,2,4,2022-08-23,1,8
Harper Wilson,EMP10023,1,1,1,2,2,0,72670.38,0,14,IT Support,MA,62269,1974-10-28,M,Divorced,US Citizen,No,Two or More Races,2021-04-17,,,Active,IT/IS,Robert Wilson,3,LinkedIn,Partially Meets,2.96,4,0,2025-12-31,2,6
Logan Moore,EMP10024,0,4,1,3,3,0,48213.74,0,3,Sales Manager,MA,66116,1996-07-07,M,Single,US Citizen,No,Hispanic,2023-06-03,,,Active,Sales,Emily White,10,Employee Referral,Fully Meets,2.72,4,2,2025-12-31,3,6
Reese Thompson,EMP10025,0,4,1,1,3,0,47591.68,0,11,Production Manager,PA,99081,1991-09-23,M,Married,US Citizen,No,Asian,2021-10-16,,,Active,Production,Jennifer Davis,5,LinkedIn,Fully Meets,3.99,4,2,2025-12-31,1,5
Avery Lewis,EMP10026,0,4,1,1,3,0,37430.25,0,13,Area Sales Manager,CT,68606,1996-05-30,M,Separated,US Citizen,No,Black or African American,2015-02-21,,,Active,Production,James Anderson,7,Indeed,Fully Meets,4.13,3,0,2016-07-12,2,3
Rowan Taylor,EMP10027,0,5,1,1,3,0,92982.29,0,17,Area Sales Manager,MA,73778,1975-09-23,M,Single,US Citizen,Yes,White,2014-07-08,,,Active,Production,James Anderson,3,LinkedIn,Fully Meets,4.35,3,3,2023-10-30,2,4
Harper Lewis,EMP10028,0,2,5,5,1,0,53246.67,1,4,Senior Software Engineer,NY,84800,1965-01-26,M,Married,Eligible NonCitizen,No,White,2016-02-14,2021-09-15,Higher Pay,Terminated,Software Engineering,,6,CareerBuilder,PIP,2.59,5,1,2025-12-31,6,6
Blake Thompson,EMP10029,0,3,1,2,2,0,31465.46,0,10,Network Engineer,RI,59369,1976-11-13,M,Divorced,US Citizen,No,White,2010-05-24,,,Active,IT/IS,David Brown,2,LinkedIn,Partially Meets,4.18,3,3,2017-11-06,1,6
Blake Thompson,EMP10030,0,3,1,5,1,0,94914.77,0,4,Senior Software Engineer,MA,27438,1987-04-27,M,Separated,US Citizen,No,White,2015-03-29,,,Active,Software Engineering,Michael Smith,2,LinkedIn,PIP,2.87,3,1,2020-05-26,3,7
Casey Miller,EMP10031,0,4,5,1,2,1,51231.57,1,1,Area Sales Manager,MA,30003,1960-07-20,F,Single,US Citizen,No,Asian,2017-06-07,2019-06-17,Better Opportunity,Terminated,Production,David Brown,7,Diversity Job Fair,Partially Meets,2.8,1,1,2019-12-17,2,8
Skyler Johnson,EMP10032,1,4,1,3,3,0,40134.57,0,7,Area Sales Manager,MA,53508,1968-09-23,F,Married,US Citizen,No,White,2016-07-18,,,Active,Sales,Daniel Jackson,10,Employee Referral,Fully Meets,4.58,3,2,2025-12-31,1,7
Logan Thomas,EMP10033,1,2,1,1,3,0,75444.91,0,15,Production Technician II,MA,50694,1990-12-20,F,Married,US Citizen,Yes,White,2019-08-09,,,Active,Production,Patricia Thomas,8,Indeed,Fully Meets,2.39,4,1,2025-12-31,3,1
Avery Thomas,EMP10034,0,2,1,5,3,0,46086.15,0,6,Software Engineer,CT,50781,1978-02-02,F,Single,US Citizen,No,White,2021-02-03,,,Active,Software Engineering,Patricia Thomas,1,CareerBuilder,Fully Meets,3.16,4,1,2025-11-18,0,5
Jordan White,EMP10035,0,1,1,1,3,0,30000.0,0,12,Production Manager,MA,34783,1997-07-30,F,Single,US Citizen,No,Black or African American,2016-03-27,,,Active,Production,Emily White,2,Indeed,Fully Meets,3.7,2,2,2021-02-01,1,3
Cameron Thomas,EMP10036,0,2,1,5,4,0,47841.15,0,20,Software Engineering Manager,NH,65465,1995-06-14,M,Married,Eligible NonCitizen,No,White,2016-08-18,,,Active,Software Engineering,Emily White,6,LinkedIn,Exceeds,2.64,4,2,2025-12-31,5,6
Avery Thompson,EMP10037,0,2,1,3,1,0,60530.19,0,11,Area Sales Manager,MA,42641,1966-08-06,F,Widowed,US Citizen,No,Two or More Races,2014-07-10,,,Active,Sales,Lisa Miller,4,Google Search,PIP,3.13,2,1,2022-12-04,1,8
Taylor Miller,EMP10038,0,1,1,5,2,0,34880.14,0,1,Software Engineer,MA,60797,1991-10-20,F,Single,US Citizen,No,White,2019-06-02,,,Active,Software Engineering,Sarah Johnson,10,CareerBuilder,Partially Meets,2.8,3,0,2025-12-31,3,3
Cameron Martinez,EMP10039,0,4,1,2,2,0,51023.59,0,9,Network Engineer,NJ,70212,1998-09-28,M,Married,US Citizen,No,White,2017-05-12,,,Active,IT/IS,Jennifer Davis,10,Employee Referral,Partially Meets,2.64,4,2,2019-03-28,4,4
Riley Jackson,EMP10040,0,4,5,3,3,0,33802.0,1,5,Sales Representative,MA,99328,1993-06-10,M,Divorced,US Citizen,No,White,2019-05-03,2020-09-27,Higher Pay,Terminated,Sales,Lisa Miller,6,CareerBuilder,Fully Meets,3.54,2,1,2021-04-03,3,7
Avery Taylor,EMP10041,0,1,1,1,2,0,101932.81,0,14,Production Manager,CT,95506,1985-11-30,F,Divorced,US Citizen,No,Hispanic,2020-04-16,,,Active,Production,Michael Smith,4,Employee Referral,Partially Meets,3.7,1,5,2025-12-31,1,1
Drew Jackson,EMP10042,0,3,1,1,2,0,125548.01,0,15,Production Manager,NY,22601,1994-06-15,F,Married,US Citizen,No,Black or African American,2015-09-09,,,Active,Production,Daniel Jackson,3,Website,Partially Meets,3.72,3,0,2019-06-03,1,2
Jordan Martin,EMP10043,0,5,1,1,3,0,90638.1,0,19,Area Sales Manager,MA,66756,1985-11-26,F,Single,US Citizen,No,Asian,2025-01-12,,,Active,Production,Emily White,3,Diversity Job Fair,Fully Meets,3.24,2,1,2025-12-31,1,4
Harper Smith,EMP10044,1,1,1,1,4,1,45291.64,0,2,Area Sales Manager,NH,53190,1965-06-07,M,Separated,US Citizen,No,White,2010-06-26,,,Active,Production,Robert Wilson,4,Indeed,Exceeds,4.21,3,1,2011-05-04,1,2
Jamie Lewis,EMP10045,1,1,1,6,2,0,68898.08,0,7,Executive Assistant,NJ,91604,1962-09-02,F,Married,US Citizen,No,White,2020-03-27,,,Active,Executive Office,Daniel Jackson,7,Google Search,Partially Meets,4.06,3,2,2021-02-26,0,6
Morgan Robinson,EMP10046,0,2,1,2,4,0,118649.08,0,17,IT Support,RI,32533,1997-11-09,F,Married,US Citizen,No,White,2022-04-26,,,Active,IT/IS,Patricia Thomas,3,LinkedIn,Exceeds,4.94,4,4,2025-12-31,2,4
Casey Smith,EMP10047,1,2,1,2,3,0,32671.99,0,14,Database Administrator,MA,21502,1972-01-06,F,Married,US Citizen,No,White,2012-09-24,,,Active,IT/IS,Patricia Thomas,2,CareerBuilder,Fully Meets,3.18,3,2,2017-01-13,2,7
Drew White,EMP10048,1,2,1,1,3,0,55190.65,0,18,Area Sales Manager,MA,35301,1966-12-04,M,Separated,US Citizen,No,White,2024-02-05,,,Active,Production,David Brown,9,LinkedIn,Fully Meets,3.52,4,0,2025-12-31,3,4
Avery Clark,EMP10049,0,3,1,3,3,0,64829.13,0,17,Sales Representative,PA,38020,1987-10-15,F,Married,US Citizen,No,White,2020-11-24,,,Active,Sales,Jennifer Davis,9,LinkedIn,Fully Meets,3.56,4,1,2025-12-31,4,7
Reese Thomas,EMP10050,0,2,1,1,2,0,30000.0,0,2,Production Manager,PA,42389,1970-03-10,F,Single,US Citizen,No,Hispanic,2011-07-06,,,Active,Production,Jennifer Davis,6,LinkedIn,Partially Meets,4.72,2,0,2014-12-16,2,5
Skyler Robinson,EMP10051,0,4,5,1,3,0,78723.39,1,6,Production Technician I,MA,78869,1974-02-25,F,Single,US Citizen,No,White,2017-10-06,2023-08-05,Better Opportunity,Terminated,Production,Daniel Jackson,1,Employee Referral,Fully Meets,2.32,3,2,2021-11-20,2,5
Morgan Davis,EMP10052,0,4,1,1,1,0,60100.91,0,7,Production Technician I,PA,11570,1986-07-06,M,Single,US Citizen,No,Asian,2023-01-26,,,Active,Production,James Anderson,5,Website,PIP,4.09,3,0,2025-12-31,3,4
Drew Thompson,EMP10053,0,5,1,5,4,0,50055.97,0,3,Software Engineering Manager,MA,45536,1988-08-27,F,Single,US Citizen,No,White,2018-04-17,,,Active,Software Engineering,Robert Wilson,10,Google Search,Exceeds,3.68,5,1,2025-08-12,1,4
Skyler Harris,EMP10054,0,1,5,1,1,0,68612.82,1,8,Production Technician II,NJ,17031,1960-10-18,F,Married,US Citizen,No,White,2019-01-31,2024-01-17,Higher Pay,Terminated,Production,David Brown,10,Indeed,PIP,2.93,3,0,2019-09-06,3,4
Casey Taylor,EMP10055,0,5,5,1,3,0,63628.76,1,16,Production Manager,MA,59612,1969-01-01,F,Widowed,US Citizen,No,Two or More Races,2012-05-17,2021-01-07,Dissatisfaction,Terminated,Production,Lisa Miller,1,LinkedIn,Fully Meets,2.97,5,2,2013-04-17,2,6
Sam Martin,EMP10056,1,5,1,1,3,0,42956.83,0,4,Area Sales Manager,NH,33536,1981-06-18,M,Single,US Citizen,No,Asian,2016-06-26,,,Active,Production,James Anderson,10,Google Search,Fully Meets,2.79,4,1,2025-12-31,2,6
Quinn Harris,EMP10057,1,2,1,1,3,0,99874.99,0,13,Production Manager,MA,34167,1963-08-28,F,Single,US Citizen,No,Asian,2022-02-12,,,Active,Production,Lisa Miller,8,Website,Fully Meets,2.9,5,3,2025-12-31,3,11
Skyler Miller,EMP10058,0,1,1,1,3,1,36994.53,0,12,Production Manager,MA,97412,1960-09-16,M,Single,Eligible NonCitizen,No,Hispanic,2022-06-10,,,Active,Production,Sarah Johnson,8,Employee Referral,Fully Meets,3.91,4,3,2023-10-03,4,4
Quinn Smith,EMP10059,0,2,5,1,1,0,34146.8,1,12,Production Technician II,MA,12640,1982-08-18,M,Divorced,US Citizen,No,White,2011-01-07,2019-07-07,Relocation,Terminated,Production,Patricia Thomas,3,CareerBuilder,PIP,,2,3,2015-05-29,0,7
Parker White,EMP10060,0,4,5,1,3,0,71090.54,1,11,Area Sales Manager,CT,43203,1991-08-24,M,Divorced,US Citizen,No,White,2015-03-18,2018-08-23,Performance,Terminated,Production,Daniel Jackson,3,Google Search,Fully Meets,4.22,3,1,2023-12-15,0,5
Jordan Thomas,EMP10061,1,3,1,1,3,0,51707.13,0,11,Area Sales Manager,MA,27417,1986-01-08,F,Married,US Citizen,No,Black or African American,2017-01-07,,,Active,Production,Michael Smith,8,Indeed,Fully Meets,3.92,2,2,2025-12-14,6,5
Logan Martinez,EMP10062,0,5,1,1,4,0,59565.52,0,19,Production Technician I,PA,41708,1960-12-31,M,Single,US Citizen,Yes,White,2010-08-18,,,Active,Production,Robert Wilson,2,Website,Exceeds,3.79,4,0,2023-04-03,3,7
Riley Miller,EMP10063,0,1,5,3,2,0,39784.25,1,7,Sales Representative,MA,85578,1978-07-02,F,Single,US Citizen,Yes,White,2019-01-17,2024-06-27,End of Contract,Terminated,Sales,Robert Wilson,1,LinkedIn,Partially Meets,3.56,5,1,2025-12-31,3,7
Alex Brown,EMP10064,0,5,5,1,3,0,42744.29,1,16,Production Technician I,NY,24491,1985-05-23,F,Married,US Citizen,No,Two or More Races,2021-05-10,2022-11-25,Attendance,Terminated,Production,David Brown,7,Website,Fully Meets,2.24,5,1,2025-12-31,1,5
Skyler Brown,EMP10065,0,5,5,1,3,0,74222.85,1,19,Production Technician II,NJ,83216,1983-11-22,M,Single,US Citizen,Yes,White,2012-03-21,2017-12-27,Higher Pay,Terminated,Production,Daniel Jackson,9,Employee Referral,Fully Meets,4.15,2,4,2025-04-19,2,1
Skyler Moore,EMP10066,0,5,1,1,3,1,54656.61,0,18,Production Technician II,CT,68212,1996-05-03,F,Married,US Citizen,No,White,2021-12-10,,,Active,Production,Sarah Johnson,7,Indeed,Fully Meets,2.97,4,1,2025-12-31,2,1
Avery Miller,EMP10067,0,4,5,2,3,0,68372.6,1,19,IT Support,NJ,71510,1963-01-08,M,Separated,US Citizen,No,Asian,2011-01-04,2020-02-05,Better Opportunity,Terminated,IT/IS,Robert Wilson,8,LinkedIn,Fully Meets,4.37,3,1,2016-10-05,0,4
Jamie Moore,EMP10068,0,1,1,4,4,0,79893.72,0,8,Administrative Assistant,MA,93456,1993-11-06,M,Married,US Citizen,No,White,2017-07-14,,,Active,Admin Offices,Robert Wilson,8,Diversity Job Fair,Exceeds,2.53,1,3,2022-10-20,3,3
Blake Moore,EMP10069,0,1,5,1,3,0,107965.27,1,17,Production Technician II,NY,51870,1982-10-23,M,Divorced,US Citizen,No,White,2022-11-10,2024-02-26,Dissatisfaction,Terminated,Production,Michael Smith,9,LinkedIn,Fully Meets,3.74,1,2,2025-12-31,0,7
Emerson Jackson,EMP10070,0,2,1,1,3,1,61350.99,0,15,Production Technician I,RI,83312,1970-11-24,F,Single,US Citizen,No,White,2011-06-15,,,Active,Production,Michael Smith,7,Indeed,Fully Meets,4.02,3,1,2021-05-13,1,10
Casey Taylor,EMP10071,0,5,1,4,3,0,62382.73,0,11,Human Resources,RI,45453,1978-11-29,F,Widowed,US Citizen,No,White,2021-05-11,,,Active,Admin Offices,Michael Smith,8,Indeed,Fully Meets,3.4,1,1,2024-06-07,2,3
Rowan White,EMP10072,1,2,1,1,2,0,59545.64,0,18,Production Technician II,RI,90953,1986-09-03,M,Single,US Citizen,Yes,White,2013-10-23,,,Active,Production,James Anderson,10,LinkedIn,Partially Meets,2.59,4,2,2025-10-04,2,3
Quinn Robinson,EMP10073,0,3,1,1,2,0,49403.01,0,15,Production Technician I,CT,57624,1991-11-29,M,Single,US Citizen,Yes,White,2016-02-07,,,Active,Production,David Brown,8,Google Search,Partially Meets,4.04,5,0,2018-01-17,4,6
Quinn Martinez,EMP10074,0,1,1,3,3,0,111127.16,0,2,Sales Representative,PA,26471,1993-01-11,F,Married,US Citizen,Yes,Black or African American,2013-06-03,,,Active,Sales,Robert Wilson,4,Indeed,Fully Meets,3.46,5,1,2018-01-13,1,2
Taylor Clark,EMP10075,0,4,1,3,3,0,83246.89,0,20,Area Sales Manager,MA,74966,1976-06-28,F,Married,US Citizen,No,White,2012-10-26,,,Active,Sales,Michael Smith,4,Other,Fully Meets,4.01,3,2,2022-11-03,0,4
Alex Garcia,EMP10076,1,1,1,5,3,0,71922.2,0,11,Software Engineering Manager,MA,53100,1992-10-09,F,Widowed,US Citizen,No,White,2012-04-20,,,Active,Software Engineering,Robert Wilson,1,Indeed,Fully Meets,3.97,3,3,2015-05-11,1,4
Quinn Davis,EMP10077,1,2,1,1,2,0,39955.18,0,5,Production Manager,NY,38757,1981-11-23,M,Married,US Citizen,No,Two or More Races,2015-12-05,,,Active,Production,Jennifer Davis,9,Employee Referral,Partially Meets,3.88,4,0,2024-03-04,1,4
Logan Smith,EMP10078,0,5,1,2,2,1,59638.36,0,4,Network Engineer,CT,83324,1966-05-25,F,Married,US Citizen,No,Asian,2011-10-22,,,Active,IT/IS,Lisa Miller,4,Indeed,Partially Meets,3.44,2,5,2024-02-03,2,3
Riley Lewis,EMP10079,0,4,1,1,3,0,32021.31,0,1,Production Technician I,RI,33874,1961-12-25,M,Married,US Citizen,No,American Indian or Alaska Native,2021-12-07,,,Active,Production,Lisa Miller,3,Diversity Job Fair,Fully Meets,4.11,3,3,2025-12-31,3,2
Alex Wilson,EMP10080,0,2,1,1,2,0,30000.0,0,5,Production Technician II,MA,39872,1977-01-01,M,Married,US Citizen,Yes,Asian,2018-05-05,,,Active,Production,David Brown,7,Website,Partially Meets,3.28,5,0,2025-12-31,4,2
Cameron Lewis,EMP10081,0,4,5,2,3,0,30000.0,1,11,Database Administrator,NH,30947,1986-07-02,M,Divorced,US Citizen,No,White,2012-12-12,2024-07-06,Higher Pay,Terminated,IT/IS,Emily White,6,Website,Fully Meets,3.84,3,3,2016-02-26,3,5
Rowan Taylor,EMP10082,0,5,5,4,2,0,73525.16,1,14,Office Manager,NY,10902,1984-12-02,M,Single,US Citizen,No,White,2016-12-13,2022-11-11,Better Opportunity,Terminated,Admin Offices,Daniel Jackson,9,Google Search,Partially Meets,4.0,5,0,2022-07-04,2,4
Casey Wilson,EMP10083,0,4,1,6,2,0,114269.37,0,13,President & CEO,PA,44630,1968-07-12,F,Married,US Citizen,No,White,2021-03-09,,,Active,Executive Office,Jennifer Davis,1,Google Search,Partially Meets,4.78,4,3,2025-12-31,3,6
Riley Thompson,EMP10084,1,2,5,4,1,1,100121.38,1,6,Office Manager,MA,28501,1991-12-25,M,Single,US Citizen,No,White,2023-04-24,2024-02-28,Better Opportunity,Terminated,Admin Offices,Daniel Jackson,2,CareerBuilder,PIP,4.0,3,0,2025-12-31,4,2
Logan Anderson,EMP10085,0,1,1,1,1,0,47907.38,0,8,Production Manager,NY,56344,1994-07-23,M,Married,Eligible NonCitizen,No,White,2024-06-26,,,Active,Production,David Brown,9,LinkedIn,PIP,4.5,4,1,2025-12-31,1,3
Quinn Davis,EMP10086,1,1,1,3,2,0,36800.97,0,3,Sales Representative,MA,57851,1988-09-22,F,Single,US Citizen,Yes,White,2022-09-26,,,Active,Sales,James Anderson,9,Employee Referral,Partially Meets,4.04,5,1,2025-12-31,1,2
Rowan Smith,EMP10087,0,1,1,2,2,0,69512.4,0,3,Network Engineer,CT,50500,1983-09-27,M,Single,US Citizen,No,White,2024-10-01,,,Active,IT/IS,James Anderson,3,Diversity Job Fair,Partially Meets,3.05,4,2,2025-12-31,2,9
Alex Robinson,EMP10088,0,2,5,1,4,0,50870.96,1,18,Production Technician II,PA,70181,1999-03-20,F,Married,US Citizen,No,Hispanic,2014-03-30,2017-02-23,Attendance,Terminated,Production,Emily White,6,Employee Referral,Exceeds,3.43,4,1,2025-12-31,2,6
Avery Robinson,EMP10089,0,5,1,1,3,0,33775.9,0,15,Area Sales Manager,NY,96977,1969-04-02,M,Single,US Citizen,No,American Indian or Alaska Native,2013-09-20,,,Active,Production,Jennifer Davis,9,Website,Fully Meets,3.1,5,3,2025-12-31,5,1
Logan Johnson,EMP10090,0,1,1,3,3,0,62384.85,0,6,Sales Representative,MA,95355,1985-07-16,M,Married,US Citizen,No,Black or African American,2013-01-03,,,Active,Sales,Patricia Thomas,1,Website,Fully Meets,2.86,2,2,2017-11-22,2,6
Cameron Thomas,EMP10091,0,2,1,1,3,0,44163.86,0,1,Production Technician I,RI,35270,1971-09-24,F,Single,US Citizen,No,Black or African American,2012-10-03,,,Active,Production,James Anderson,1,LinkedIn,Fully Meets,4.42,3,0,2020-01-30,4,1
Avery Johnson,EMP10092,0,4,1,2,3,0,49288.91,0,8,IT Manager,PA,64249,1978-03-11,F,Separated,US Citizen,No,White,2010-06-09,,,Active,IT/IS,James Anderson,9,Indeed,Fully Meets,2.92,3,0,2019-07-15,3,6
Riley Thompson,EMP10093,0,2,1,2,3,0,52987.4,0,3,IT Manager,MA,17600,2000-11-01,M,Single,Eligible NonCitizen,No,Asian,2016-01-22,,,Active,IT/IS,Emily White,3,Google Search,Fully Meets,2.88,4,1,2025-12-31,1,6
Sam Miller,EMP10094,0,2,1,1,3,0,60439.71,0,3,Production Manager,MA,30554,1962-11-09,F,Divorced,US Citizen,Yes,White,2016-03-17,,,Active,Production,Jennifer Davis,5,LinkedIn,Fully Meets,2.64,3,2,2023-10-05,4,4
Quinn Moore,EMP10095,0,4,1,1,4,1,48760.32,0,3,Area Sales Manager,NJ,38097,1989-06-11,F,Divorced,US Citizen,No,White,2019-07-06,,,Active,Production,Emily White,8,Diversity Job Fair,Exceeds,3.22,5,1,2025-12-31,3,8
Rowan Martin,EMP10096,0,3,1,1,3,0,69957.81,0,13,Area Sales Manager,CT,48712,1998-02-03,F,Divorced,US Citizen,No,White,2019-01-27,,,Active,Production,Emily White,4,Google Search,Fully Meets,2.26,1,4,2025-12-31,2,8
Logan Martin,EMP10097,0,3,1,1,3,0,81173.73,0,9,Production Manager,CT,29795,1991-01-11,F,Single,US Citizen,No,White,2017-08-30,,,Active,Production,Jennifer Davis,8,CareerBuilder,Fully Meets,1.95,5,2,2024-01-12,3,2
Jamie Anderson,EMP10098,0,3,1,5,3,0,102693.15,0,7,Software Engineer,MA,80673,2000-02-07,M,Married,US Citizen,No,White,2011-04-21,,,Active,Software Engineering,Sarah Johnson,8,Indeed,Fully Meets,1.84,4,2,2021-12-07,4,3
Skyler Wilson,EMP10099,0,2,1,1,1,0,34518.87,0,7,Production Technician I,RI,73924,1993-05-24,M,Single,US Citizen,No,Asian,2022-01-30,,,Active,Production,Daniel Jackson,1,Indeed,PIP,3.98,3,1,2024-04-14,1,4
Rowan Wilson,EMP10100,0,3,1,2,2,0,53277.62,0,6,Network Engineer,MA,49422,1999-12-28,M,Married,US Citizen,No,White,2020-12-27,,,Active,IT/IS,Lisa Miller,3,Employee Referral,Partially Meets,3.47,3,1,2025-12-31,2,4
Parker Smith,EMP10101,0,5,1,1,3,0,38550.97,0,8,Production Manager,CT,43755,1983-06-05,F,Married,US Citizen,No,White,2020-03-14,,,Active,Production,Patricia Thomas,5,CareerBuilder,Fully Meets,4.28,4,0,2022-07-21,5,5
Skyler Taylor,EMP10102,1,4,1,3,4,0,64523.73,0,3,Sales Representative,MA,12431,1983-02-10,F,Single,US Citizen,Yes,Asian,2012-12-21,,,Active,Sales,Robert Wilson,6,Indeed,Exceeds,3.12,4,0,,2,6
Sam Taylor,EMP10103,0,4,5,4,4,0,88463.01,1,18,Administrative Assistant,NY,20210,1997-01-13,M,Divorced,US Citizen,No,Two or More Races,2021-07-05,2023-07-04,Better Opportunity,Terminated,Admin Offices,Jennifer Davis,7,Other,Exceeds,3.45,3,1,2025-12-31,1,1
Quinn Clark,EMP10104,0,5,1,3,2,0,41832.89,0,14,Sales Representative,PA,64731,1975-03-15,F,Married,US Citizen,No,White,2024-09-22,,,Active,Sales,Robert Wilson,10,Indeed,Partially Meets,2.14,2,1,2025-12-31,1,5
Quinn Johnson,EMP10105,0,3,1,1,2,0,61958.85,0,12,Production Technician I,MA,80501,1962-02-28,F,Married,US Citizen,No,Asian,2014-01-10,,,Active,Production,Emily White,5,Employee Referral,Partially Meets,3.88,5,1,2015-10-04,1,1
Blake Jackson,EMP10106,1,2,1,2,2,1,33343.27,0,13,IT Manager,NY,95816,1979-09-19,F,Widowed,US Citizen,No,Black or African American,2020-07-28,,,Active,IT/IS,Lisa Miller,2,Indeed,Partially Meets,3.66,3,1,2025-12-31,2,4
Emerson Garcia,EMP10107,1,5,1,1,3,1,30000.0,0,1,Production Technician I,MA,96388,1971-11-04,F,Divorced,US Citizen,No,White,2015-09-04,,,Active,Production,Daniel Jackson,3,Website,Fully Meets,3.32,4,1,2025-12-31,2,4
Sam Taylor,EMP10108,0,5,1,1,3,0,32173.9,0,15,Production Technician II,MA,19585,1990-10-29,F,Married,US Citizen,No,White,2010-01-01,,,Active,Production,Emily White,1,Diversity Job Fair,Fully Meets,3.32,3,3,2014-10-27,4,8
Quinn Lewis,EMP10109,0,3,1,4,3,0,60750.99,0,14,Office Manager,MA,49453,1973-03-22,F,Married,US Citizen,No,Black or African American,2019-10-06,,,Active,Admin Offices,James Anderson,1,Website,Fully Meets,3.42,4,3,2025-12-31,5,6
Logan Jackson,EMP10110,1,1,1,1,2,0,42149.23,0,15,Area Sales Manager,NH,48619,1989-02-18,F,Married,US Citizen,No,White,2019-10-18,,,Active,Production,Robert Wilson,10,Employee Referral,Partially Meets,2.42,4,0,2021-07-19,3,6
Reese Smith,EMP10111,1,1,1,1,3,0,34836.37,0,6,Production Manager,MA,58832,1989-03-07,M,Married,US Citizen,No,White,2012-08-14,,,Active,Production,Lisa Miller,8,Indeed,Fully Meets,3.71,2,1,2020-06-05,4,5
Parker Anderson,EMP10112,0,5,1,6,4,0,38851.16,0,14,Executive Assistant,MA,85334,1985-12-20,F,Separated,US Citizen,No,American Indian or Alaska Native,2011-05-15,,,Active,Executive Office,Lisa Miller,5,Employee Referral,Exceeds,2.11,3,0,2013-07-01,0,3
Quinn Brown,EMP10113,0,5,1,5,3,0,64613.21,0,2,Software Engineering Manager,MA,15377,1976-01-03,F,Single,US Citizen,No,White,2021-01-18,,,Active,Software Engineering,Daniel Jackson,3,Diversity Job Fair,Fully Meets,2.71,3,2,2025-02-26,3,3
Morgan Lewis,EMP10114,0,5,1,5,3,0,92527.53,0,16,Software Engineering Manager,MA,23502,1961-01-04,M,Single,US Citizen,No,Black or African American,2015-03-20,,,Active,Software Engineering,Patricia Thomas,1,Indeed,Fully Meets,2.32,4,3,2025-12-31,2,5
Harper Smith,EMP10115,0,2,1,6,3,0,56934.01,0,18,President & CEO,CT,53888,1971-06-13,F,Separated,US Citizen,No,Two or More Races,2016-02-05,,,Active,Executive Office,Patricia Thomas,6,Employee Referral,Fully Meets,2.47,4,4,2025-12-31,3,5
Cameron Martin,EMP10116,1,1,5,1,3,0,40970.82,1,14,Production Technician I,MA,77404,1972-05-12,F,Single,US Citizen,No,Asian,2022-06-18,2023-02-10,Dissatisfaction,Terminated,Production,Michael Smith,2,Indeed,Fully Meets,2.56,2,0,2025-12-31,1,7
Riley Davis,EMP10117,0,3,1,1,3,1,69760.48,0,6,Production Manager,MA,29669,1963-09-25,M,Married,Eligible NonCitizen,No,White,2019-10-28,,,Active,Production,Patricia Thomas,3,Employee Referral,Fully Meets,3.26,3,3,2025-08-17,4,4
Parker Brown,EMP10118,1,1,1,1,4,0,41004.12,0,3,Production Technician I,MA,12486,1985-12-15,F,Married,US Citizen,No,Black or African American,2022-04-25,,,Active,Production,Michael Smith,3,Website,Exceeds,2.36,4,1,2025-12-31,2,7
Quinn Smith,EMP10119,0,4,1,1,4,0,62087.14,0,19,Production Manager,MA,81847,1972-09-17,M,Separated,US Citizen,No,White,2024-01-24,,,Active,Production,Emily White,8,Employee Referral,Exceeds,3.64,4,1,2025-12-31,0,3
Skyler White,EMP10120,1,3,1,2,3,0,78730.95,0,20,Network Engineer,CT,12901,1989-01-01,F,Single,US Citizen,No,Black or African American,2017-10-20,,,Active,IT/IS,James Anderson,10,Google Search,Fully Meets,4.41,5,2,2024-03-24,2,4
Casey Harris,EMP10121,0,4,1,1,3,0,74339.97,0,20,Production Technician I,MA,93260,1996-02-19,F,Married,US Citizen,No,Black or African American,2014-02-13,,,Active,Production,Michael Smith,1,Employee Referral,Fully Meets,3.77,5,2,2017-06-05,0,1
Jordan Anderson,EMP10122,0,2,5,1,4,0,67411.66,1,14,Area Sales Manager,MA,92208,1985-06-29,M,Single,US Citizen,Yes,Two or More Races,2024-09-28,2025-04-11,Better Opportunity,Terminated,Production,Lisa Miller,8,Google Search,Exceeds,3.83,3,2,2025-12-31,1,2
Riley Thomas,EMP10123,0,5,1,1,3,0,44296.14,0,11,Production Manager,MA,85911,1975-09-03,M,Single,Eligible NonCitizen,No,White,2015-03-07,,,Active,Production,James Anderson,3,CareerBuilder,Fully Meets,3.84,3,2,2025-04-05,3,6
Reese Moore,EMP10124,0,1,1,1,3,0,54811.11,0,10,Area Sales Manager,NY,19647,1971-04-11,F,Single,US Citizen,Yes,Asian,2011-08-08,,,Active,Production,Patricia Thomas,4,Website,Fully Meets,3.57,3,0,2024-12-27,0,4
Rowan Davis,EMP10125,0,1,1,1,3,0,73436.59,0,10,Production Technician I,NJ,33772,1972-08-09,M,Married,US Citizen,No,Black or African American,2012-11-12,,,Active,Production,Sarah Johnson,4,Diversity Job Fair,Fully Meets,4.29,5,0,2024-10-04,1,6
Alex Robinson,EMP10126,1,4,1,6,3,0,73533.29,0,4,President & CEO,NH,66748,1963-01-27,F,Single,US Citizen,No,American Indian or Alaska Native,2011-06-12,,,Active,Executive Office,James Anderson,4,Employee Referral,Fully Meets,4.14,2,0,2017-10-25,1,7
Reese White,EMP10127,0,4,1,1,3,0,52910.35,0,10,Area Sales Manager,MA,23044,1984-07-13,M,Married,US Citizen,No,Two or More Races,2019-09-01,,,Active,Production,James Anderson,9,CareerBuilder,Fully Meets,3.17,4,0,2025-12-31,0,5
Taylor Martinez,EMP10128,1,2,5,4,3,1,44221.79,1,9,Human Resources,MA,60600,1982-12-05,M,Married,US Citizen,No,White,2024-08-10,2025-02-01,End of Contract,Terminated,Admin Offices,Daniel Jackson,6,CareerBuilder,Fully Meets,2.71,2,1,2025-12-31,2,2
Alex Lewis,EMP10129,1,1,1,6,3,0,30000.0,0,20,President & CEO,RI,38332,1986-08-10,F,Widowed,US Citizen,No,White,2018-09-15,,,Active,Executive Office,Jennifer Davis,3,Google Search,Fully Meets,3.32,5,1,2025-12-31,1,3
Logan Garcia,EMP10130,0,5,1,1,3,0,40597.13,0,11,Production Manager,NY,90126,1992-07-31,F,Single,US Citizen,No,White,2021-04-11,,,Active,Production,Lisa Miller,8,Indeed,Fully Meets,4.93,4,1,2025-08-06,2,6
Morgan Brown,EMP10131,0,5,1,5,3,0,36447.74,0,1,Software Engineer,MA,98837,1967-04-22,M,Single,US Citizen,No,White,2013-02-16,,,Active,Software Engineering,Emily White,10,Indeed,Fully Meets,4.1,4,3,2024-05-29,2,8
Sam Garcia,EMP10132,0,5,1,5,3,0,58402.63,0,5,Software Engineering Manager,MA,11325,1970-11-11,F,Married,US Citizen,No,White,2017-09-07,,,Active,Software Engineering,Emily White,10,Employee Referral,Fully Meets,3.79,5,3,2018-07-07,1,11
Jordan Anderson,EMP10133,1,4,1,4,3,1,44429.25,0,8,Human Resources,PA,43256,1986-02-17,M,Single,US Citizen,No,White,2011-06-06,,,Active,Admin Offices,David Brown,9,Employee Referral,Fully Meets,4.48,2,3,2021-03-30,4,7
Morgan Moore,EMP10134,0,2,1,1,2,0,80158.69,0,19,Production Technician II,NH,47717,1966-05-09,F,Married,US Citizen,No,Asian,2017-01-31,,,Active,Production,Lisa Miller,10,Indeed,Partially Meets,3.84,3,2,2018-07-28,1,5
Taylor Johnson,EMP10135,1,1,1,2,2,0,67430.96,0,12,Network Engineer,NJ,52691,1964-02-06,M,Married,US Citizen,No,White,2020-11-29,,,Active,IT/IS,Robert Wilson,4,LinkedIn,Partially Meets,3.04,5,2,2025-04-12,1,11
Casey Martin,EMP10136,0,3,5,5,3,0,30000.0,1,18,Software Engineering Manager,NJ,98934,1969-09-12,F,Single,US Citizen,No,White,2012-09-24,2016-04-16,End of Contract,Terminated,Software Engineering,Jennifer Davis,7,Indeed,Fully Meets,3.77,5,2,2013-07-08,1,6
Emerson Anderson,EMP10137,1,4,5,5,1,0,111140.32,1,15,Software Engineer,NY,86903,1980-02-04,M,Single,US Citizen,No,White,2012-02-14,2023-01-23,Higher Pay,Terminated,Software Engineering,David Brown,3,Website,PIP,3.34,3,0,2017-09-09,3,4
Jordan Thomas,EMP10138,0,1,1,3,1,0,54103.9,0,15,Area Sales Manager,MA,76776,1965-11-07,F,Single,US Citizen,No,White,2024-08-28,,,Active,Sales,Sarah Johnson,5,CareerBuilder,PIP,3.93,5,3,2025-12-31,3,3
Harper Clark,EMP10139,0,4,1,4,1,0,55383.71,0,19,Human Resources,NY,50680,1974-04-14,F,Separated,US Citizen,No,Hispanic,2015-08-06,,,Active,Admin Offices,Daniel Jackson,4,Diversity Job Fair,PIP,3.8,5,3,2017-11-14,2,5
Jamie Taylor,EMP10140,1,5,5,1,3,0,35307.05,1,7,Production Manager,MA,98120,1970-09-13,F,Single,US Citizen,No,White,2012-09-14,2016-10-31,Relocation,Terminated,Production,Emily White,4,Google Search,Fully Meets,3.82,5,1,2016-05-30,1,5
Parker Thomas,EMP10141,0,3,1,2,2,0,147531.69,0,19,IT Manager,MA,26133,1961-07-29,F,Widowed,US Citizen,No,Hispanic,2016-10-21,,,Active,IT/IS,Michael Smith,9,Diversity Job Fair,Partially Meets,3.72,1,1,2025-12-31,2,11
Sam Smith,EMP10142,0,5,1,1,3,0,30000.0,0,15,Production Technician II,MA,79742,1991-07-27,M,Divorced,US Citizen,Yes,White,2018-02-04,,,Active,Production,Lisa Miller,3,Employee Referral,Fully Meets,3.51,5,0,2023-02-08,2,3
Avery Anderson,EMP10143,1,3,1,1,3,0,41143.47,0,6,Area Sales Manager,MA,94664,1994-03-20,F,Single,US Citizen,No,White,2013-08-26,,,Active,Production,Sarah Johnson,2,Indeed,Fully Meets,3.93,2,1,2025-12-31,3,6
Parker Jackson,EMP10144,0,1,1,1,2,1,88513.43,0,8,Area Sales Manager,MA,20745,1966-11-22,F,Married,US Citizen,No,Black or African American,2012-04-03,,,Active,Production,Patricia Thomas,6,Diversity Job Fair,Partially Meets,3.01,4,3,2014-04-19,3,8
Blake Moore,EMP10145,0,2,1,3,3,0,37347.13,0,18,Sales Representative,CT,68782,1999-04-22,M,Single,US Citizen,No,Two or More Races,2018-07-15,,,Active,Sales,Michael Smith,6,CareerBuilder,Fully Meets,3.75,4,1,2019-02-11,0,5
Cameron Brown,EMP10146,0,4,1,5,3,0,44250.64,0,5,Software Engineer,NY,46817,1961-01-13,F,Divorced,US Citizen,No,White,2010-10-07,,,Active,Software Engineering,David Brown,1,LinkedIn,Fully Meets,2.3,3,1,2016-11-29,1,3
Cameron Davis,EMP10147,0,5,1,2,3,1,63360.67,0,13,Network Engineer,CT,65984,1966-06-25,F,Married,US Citizen,No,White,2013-02-24,,,Active,IT/IS,James Anderson,10,Employee Referral,Fully Meets,3.13,4,0,2020-01-04,0,4
Riley Thomas,EMP10148,0,4,1,3,3,0,83621.62,0,18,Sales Manager,NH,94053,1999-06-11,M,Married,US Citizen,Yes,White,2013-04-13,,,Active,Sales,Jennifer Davis,4,Google Search,Fully Meets,3.12,2,2,2022-12-24,3,2
Parker Brown,EMP10149,0,2,1,1,4,0,44353.04,0,18,Area Sales Manager,MA,64267,1960-11-12,F,Divorced,US Citizen,Yes,White,2015-09-29,,,Active,Production,Michael Smith,7,Diversity Job Fair,Exceeds,2.31,4,1,2023-07-07,4,6
Skyler Thomas,EMP10150,1,5,5,4,2,0,104400.57,1,10,Human Resources,MA,71852,1992-01-23,M,Divorced,US Citizen,No,White,2023-11-29,2025-05-15,End of Contract,Terminated,Admin Offices,Sarah Johnson,7,Employee Referral,Partially Meets,3.37,2,0,2025-12-31,3,3
Alex Smith,EMP10151,0,3,1,5,3,0,30797.32,0,11,Software Engineering Manager,MA,28116,1999-07-28,F,Single,US Citizen,No,White,2024-03-27,,,Active,Software Engineering,James Anderson,3,LinkedIn,Fully Meets,3.91,4,2,2025-12-31,1,2
Alex Johnson,EMP10152,1,5,5,1,3,0,64643.76,1,1,Production Manager,MA,17469,1975-07-24,F,Single,US Citizen,No,White,2011-12-27,2012-08-15,Relocation,Terminated,Production,Lisa Miller,1,Indeed,Fully Meets,4.02,2,1,,1,5
Avery Anderson,EMP10153,1,5,1,1,4,0,50936.33,0,3,Production Technician II,MA,10669,1982-12-25,F,Single,US Citizen,No,White,2015-10-27,,,Active,Production,Robert Wilson,6,Other,Exceeds,3.66,4,2,2017-07-22,0,4
Drew Anderson,EMP10154,0,3,1,3,3,0,44686.54,0,4,Sales Manager,NY,57935,1969-06-27,F,Married,US Citizen,Yes,White,2013-09-26,,,Active,Sales,Emily White,4,LinkedIn,Fully Meets,3.81,4,6,2013-12-01,3,3
Avery Martinez,EMP10155,0,5,5,3,3,0,62705.04,1,13,Sales Manager,RI,30396,1983-07-27,M,Single,US Citizen,No,White,2012-07-02,2023-12-22,Relocation,Terminated,Sales,David Brown,7,Indeed,Fully Meets,1.85,1,0,2024-07-08,3,4
Alex Anderson,EMP10156,0,4,1,2,4,0,40991.72,0,9,Network Engineer,MA,11262,1984-06-18,M,Single,US Citizen,No,Hispanic,2018-03-14,,,Active,IT/IS,James Anderson,3,Indeed,Exceeds,3.98,5,2,2024-10-24,3,8
Morgan Wilson,EMP10157,1,4,1,2,3,0,81685.71,0,10,IT Manager,MA,29887,1982-04-03,F,Divorced,US Citizen,No,Black or African American,2024-08-01,,,Active,IT/IS,Emily White,6,Indeed,Fully Meets,2.14,2,0,,2,1
Jordan Davis,EMP10158,1,3,5,1,4,0,62078.36,1,6,Production Technician I,CT,66354,1965-04-12,F,Married,US Citizen,No,Black or African American,2020-12-21,2022-12-04,Relocation,Terminated,Production,Lisa Miller,2,CareerBuilder,Exceeds,3.72,3,1,2025-12-31,0,3
Logan Smith,EMP10159,0,4,1,5,3,0,48966.03,0,2,Software Engineer,NH,28404,1968-07-17,F,Married,US Citizen,No,White,2016-09-19,,,Active,Software Engineering,Daniel Jackson,5,Indeed,Fully Meets,1.81,2,1,2025-12-31,2,4
Riley Brown,EMP10160,1,3,1,3,1,1,43448.39,0,11,Sales Representative,NH,80158,1971-02-10,M,Married,US Citizen,No,Black or African American,2024-07-07,,,Active,Sales,James Anderson,1,Diversity Job Fair,PIP,3.25,3,0,2025-12-31,3,3
Logan Garcia,EMP10161,0,1,1,6,3,0,150000.0,0,2,Executive Assistant,CT,73829,1978-09-06,M,Divorced,US Citizen,No,White,2024-04-07,,,Active,Executive Office,Patricia Thomas,1,CareerBuilder,Fully Meets,4.56,4,0,2025-08-31,2,3
Rowan Clark,EMP10162,0,3,1,1,3,0,58709.72,0,8,Production Technician II,NY,87500,1998-09-27,F,Married,Eligible NonCitizen,No,White,2018-02-20,,,Active,Production,Emily White,8,Website,Fully Meets,2.34,4,1,2025-12-31,1,2
Reese Thomas,EMP10163,1,5,5,1,3,0,54145.22,1,20,Production Manager,MA,56150,1989-10-10,M,Single,US Citizen,No,White,2017-09-20,2025-12-07,Performance,Terminated,Production,Jennifer Davis,9,Indeed,Fully Meets,2.89,3,2,2020-11-07,1,6
Emerson Clark,EMP10164,0,2,1,1,3,0,94494.92,0,3,Production Technician II,CT,42595,1972-11-14,F,Single,US Citizen,No,White,2012-05-22,,,Active,Production,Lisa Miller,5,Indeed,Fully Meets,3.99,4,1,2014-10-07,3,9
Avery Robinson,EMP10165,0,4,1,1,3,0,73020.8,0,14,Production Technician II,NY,65430,1972-05-27,M,Single,US Citizen,No,White,2012-11-02,,,Active,Production,David Brown,10,Employee Referral,Fully Meets,4.1,4,1,2022-02-23,0,10
Riley Robinson,EMP10166,0,5,1,4,3,1,39732.7,0,2,Administrative Assistant,RI,17580,1994-11-20,F,Married,US Citizen,No,Black or African American,2011-01-27,,,Active,Admin Offices,James Anderson,9,Indeed,Fully Meets,3.93,2,1,2024-01-17,3,6
Harper Clark,EMP10167,0,4,1,2,3,1,106969.55,0,5,IT Support,NJ,14800,1970-04-29,M,Married,US Citizen,No,Asian,2024-03-23,,,Active,IT/IS,Daniel Jackson,2,Employee Referral,Fully Meets,4.93,4,1,2025-12-31,4,7
Skyler Lewis,EMP10168,0,1,5,1,3,0,50365.93,1,10,Production Technician II,NY,84801,1996-01-14,M,Single,US Citizen,No,Two or More Races,2020-07-21,2023-09-24,Higher Pay,Terminated,Production,David Brown,10,Website,Fully Meets,3.48,2,2,2020-10-12,1,6
Riley Miller,EMP10169,0,4,1,1,3,0,126371.19,0,18,Production Manager,NY,94857,1994-05-14,M,Married,US Citizen,No,White,2018-02-06,,,Active,Production,Sarah Johnson,10,Indeed,Fully Meets,2.59,4,0,2020-10-14,1,7
Avery Clark,EMP10170,0,4,1,5,1,0,51668.08,0,15,Senior Software Engineer,MA,89146,1975-11-03,M,Married,US Citizen,No,Black or African American,2014-03-03,,,Active,Software Engineering,Patricia Thomas,2,CareerBuilder,PIP,3.28,2,0,2018-08-03,2,9
Skyler Johnson,EMP10171,0,3,5,5,4,0,50824.4,1,2,Software Engineering Manager,MA,26124,1969-09-18,F,Single,US Citizen,No,White,2016-07-15,2021-10-22,Attendance,Terminated,Software Engineering,Patricia Thomas,1,Employee Referral,Exceeds,3.37,5,1,2019-06-30,2,6
Drew Jackson,EMP10172,0,1,1,4,3,0,67062.98,0,1,Human Resources,MA,66735,1964-10-26,F,Single,US Citizen,Yes,Two or More Races,2021-10-05,,,Active,Admin Offices,Emily White,9,Employee Referral,Fully Meets,3.94,4,2,2025-12-31,2,1
Alex Lewis,EMP10173,1,2,5,1,3,0,68314.65,1,6,Production Technician I,CT,37292,1978-10-01,F,Married,US Citizen,No,American Indian or Alaska Native,2012-12-02,2016-04-30,Better Opportunity,Terminated,Production,Daniel Jackson,3,LinkedIn,Fully Meets,2.67,2,1,2017-11-18,2,8
Skyler Thomas,EMP10174,0,5,1,6,4,0,95746.62,0,13,President & CEO,MA,31387,1970-12-20,F,Married,US Citizen,Yes,Hispanic,2011-10-02,,,Active,Executive Office,Emily White,10,Indeed,Exceeds,3.51,4,2,2017-09-30,0,4
Jordan White,EMP10175,0,1,5,2,3,0,89042.95,1,14,IT Manager,CT,91977,1960-02-17,F,Divorced,US Citizen,No,Hispanic,2011-10-10,2020-03-09,Better Opportunity,Terminated,IT/IS,Robert Wilson,3,LinkedIn,Fully Meets,2.79,4,0,2013-09-23,0,9
Jordan Davis,EMP10176,0,3,1,5,4,0,30000.0,0,4,Software Engineering Manager,MA,41793,1991-07-02,F,Married,US Citizen,No,Black or African American,2024-08-20,,,Active,Software Engineering,Michael Smith,10,LinkedIn,Exceeds,3.27,4,0,2025-12-31,2,7
Jordan Robinson,EMP10177,0,1,1,6,4,0,40591.42,0,5,Executive Assistant,MA,14881,1983-03-30,M,Married,US Citizen,No,White,2020-08-28,,,Active,Executive Office,Lisa Miller,3,Indeed,Exceeds,3.59,4,1,2025-12-31,2,4
Jamie Thomas,EMP10178,0,2,1,5,1,0,30000.0,0,14,Software Engineering Manager,MA,25242,1991-05-31,M,Married,US Citizen,No,White,2014-12-09,,,Active,Software Engineering,Daniel Jackson,8,Employee Referral,PIP,3.27,2,2,2016-10-26,2,7
Quinn Jackson,EMP10179,0,4,1,4,3,0,39276.69,0,15,Administrative Assistant,MA,43420,1967-02-18,F,Married,US Citizen,No,White,2016-07-03,,,Active,Admin Offices,Emily White,5,Employee Referral,Fully Meets,3.27,4,1,2025-12-31,1,6
Skyler Smith,EMP10180,1,3,1,1,3,1,36983.88,0,17,Area Sales Manager,MA,72254,1986-07-01,F,Married,US Citizen,No,White,2012-09-30,,,Active,Production,James Anderson,2,Employee Referral,Fully Meets,3.41,2,1,2021-04-02,1,7
Reese Jackson,EMP10181,0,5,1,1,3,0,67322.54,0,20,Production Manager,MA,87294,1982-09-30,F,Divorced,US Citizen,No,White,2023-01-08,,,Active,Production,Michael Smith,7,LinkedIn,Fully Meets,3.8,4,1,2025-12-31,3,5
Cameron Miller,EMP10182,0,2,1,1,3,0,42656.28,0,12,Area Sales Manager,NY,48113,1999-01-27,F,Single,US Citizen,No,American Indian or Alaska Native,2018-11-21,,,Active,Production,Michael Smith,4,LinkedIn,Fully Meets,3.62,1,1,2025-12-31,7,6
Taylor Anderson,EMP10183,0,5,1,3,3,1,55798.11,0,19,Area Sales Manager,RI,43207,1973-12-02,F,Single,US Citizen,No,White,2012-07-12,,,Active,Sales,Emily White,5,Indeed,Fully Meets,3.3,2,4,2018-09-23,3,5
Blake Martin,EMP10184,1,4,1,5,2,1,57353.68,0,4,Senior Software Engineer,NJ,18422,1977-01-02,M,Married,US Citizen,No,White,2010-08-10,,,Active,Software Engineering,Jennifer Davis,8,Indeed,Partially Meets,3.24,3,1,2019-12-18,3,7
Casey Harris,EMP10185,0,5,1,1,2,0,46396.69,0,13,Production Technician II,MA,72485,1963-11-22,F,Single,US Citizen,No,White,2014-03-20,,,Active,Production,Sarah Johnson,3,LinkedIn,Partially Meets,3.1,4,1,2022-08-10,1,5
Skyler Thompson,EMP10186,1,4,1,3,3,0,44296.2,0,14,Sales Representative,NY,51877,1993-06-09,F,Single,US Citizen,No,Black or African American,2018-01-18,,,Active,Sales,Patricia Thomas,7,Indeed,Fully Meets,4.59,3,2,2018-12-07,4,8
Casey Garcia,EMP10187,0,2,5,4,3,1,62536.89,1,13,Office Manager,MA,45217,1981-08-10,F,Single,US Citizen,No,Asian,2012-10-25,2016-10-29,Better Opportunity,Terminated,Admin Offices,David Brown,5,Indeed,Fully Meets,2.98,2,1,2024-02-05,2,9
Riley Johnson,EMP10188,0,4,1,1,4,0,39210.98,0,7,Production Technician I,MA,78400,1995-07-15,M,Married,US Citizen,No,American Indian or Alaska Native,2023-09-16,,,Active,Production,Daniel Jackson,7,Website,Exceeds,2.88,3,0,2025-11-09,4,3
Cameron Davis,EMP10189,0,4,1,1,3,0,65522.03,0,15,Production Technician II,NY,32323,1987-12-17,M,Married,US Citizen,No,Black or African American,2019-12-06,,,Active,Production,Patricia Thomas,4,Indeed,Fully Meets,5.0,4,0,2025-12-31,0,3
Logan Moore,EMP10190,0,5,1,1,3,0,84616.69,0,19,Production Technician I,NH,66983,1986-11-10,F,Married,US Citizen,No,White,2021-03-26,,,Active,Production,Patricia Thomas,2,LinkedIn,Fully Meets,3.07,4,1,2025-12-31,4,4
Casey Brown,EMP10191,0,5,1,1,2,0,68356.99,0,15,Production Manager,CT,41264,1974-05-16,M,Divorced,US Citizen,No,Black or African American,2016-03-03,,,Active,Production,Patricia Thomas,6,LinkedIn,Partially Meets,3.59,3,1,2019-10-10,2,6
Emerson Clark,EMP10192,0,2,1,5,3,0,59820.87,0,4,Senior Software Engineer,MA,52877,1992-07-25,F,Single,US Citizen,No,White,2023-05-17,,,Active,Software Engineering,Emily White,4,Employee Referral,Fully Meets,3.9,3,1,2023-08-17,1,1
Rowan Brown,EMP10193,1,1,1,1,3,0,83166.96,0,12,Production Technician II,NY,40381,1967-12-03,F,Married,US Citizen,No,White,2014-06-30,,,Active,Production,Lisa Miller,10,Employee Referral,Fully Meets,3.34,5,0,2015-12-18,5,4
Quinn Robinson,EMP10194,0,2,5,4,3,0,38642.5,1,8,Office Manager,NY,79461,1971-12-12,M,Single,US Citizen,No,Black or African American,2015-08-03,2025-05-08,Better Opportunity,Terminated,Admin Offices,Patricia Thomas,1,Other,Fully Meets,3.11,5,2,2021-03-19,1,6
Cameron Miller,EMP10195,1,2,1,5,2,0,52235.0,0,3,Senior Software Engineer,NH,70296,1962-01-14,M,Divorced,US Citizen,Yes,White,2013-07-04,,,Active,Software Engineering,Emily White,3,Google Search,Partially Meets,3.06,1,2,2018-09-03,2,3
Jamie Brown,EMP10196,0,4,5,1,3,0,40428.43,1,11,Area Sales Manager,NH,15588,1983-01-20,F,Married,US Citizen,No,American Indian or Alaska Native,2016-09-30,2025-09-02,Higher Pay,Terminated,Production,Lisa Miller,7,Employee Referral,Fully Meets,3.45,4,3,2025-12-31,1,4
Rowan Lewis,EMP10197,0,2,5,1,2,0,33301.48,1,18,Area Sales Manager,MA,97421,2000-10-01,M,Separated,US Citizen,No,White,2023-09-07,2024-08-19,Dissatisfaction,Terminated,Production,Sarah Johnson,6,Indeed,Partially Meets,4.46,3,0,2025-12-31,1,4
Logan Robinson,EMP10198,1,3,1,3,3,0,64282.41,0,16,Sales Representative,RI,23166,1963-06-16,F,Married,US Citizen,No,Two or More Races,2015-05-31,,,Active,Sales,Emily White,5,LinkedIn,Fully Meets,3.62,2,0,2017-03-27,2,2
Logan Brown,EMP10199,0,3,1,1,3,1,37204.77,0,6,Production Manager,RI,92741,1987-06-02,M,Divorced,US Citizen,Yes,Black or African American,2020-02-29,,,Active,Production,,4,LinkedIn,Fully Meets,4.34,4,2,2025-12-31,2,7
Cameron Jackson,EMP10200,0,5,1,3,3,0,52560.5,0,5,Sales Representative,MA,24937,1982-03-03,F,Single,US Citizen,No,Asian,2013-06-23,,,Active,Sales,Daniel Jackson,1,Indeed,Fully Meets,4.33,4,3,2020-07-28,2,7
Drew Thompson,EMP10201,1,2,1,3,4,1,108524.08,0,11,Sales Manager,MA,41902,1980-03-27,M,Married,Eligible NonCitizen,No,Asian,2013-05-03,,,Active,Sales,Daniel Jackson,9,Other,Exceeds,3.59,5,1,2016-11-18,3,4
Jamie Clark,EMP10202,0,4,1,1,3,0,140524.59,0,8,Area Sales Manager,NY,45805,1980-04-14,M,Married,US Citizen,No,White,2022-02-03,,,Active,Production,David Brown,7,Other,Fully Meets,3.39,4,0,2025-12-31,2,6
Riley Thompson,EMP10203,0,4,5,2,1,1,36240.92,1,20,Database Administrator,NY,82811,1972-12-11,F,Married,US Citizen,No,White,2024-07-19,2025-04-18,Dissatisfaction,Terminated,IT/IS,Lisa Miller,5,Diversity Job Fair,PIP,2.71,4,2,2025-12-31,2,7
Drew Smith,EMP10204,0,1,5,1,2,0,63041.87,1,10,Production Technician II,NY,32091,1988-08-24,M,Married,US Citizen,No,Black or African American,2017-11-30,2018-01-27,Dissatisfaction,Terminated,Production,Emily White,2,Google Search,Partially Meets,3.65,3,1,2021-10-09,4,7
Harper Miller,EMP10205,0,2,1,4,3,0,41735.94,0,2,Administrative Assistant,NH,28465,1987-12-08,M,Married,US Citizen,No,Black or African American,2022-02-07,,,Active,Admin Offices,Robert Wilson,4,CareerBuilder,Fully Meets,3.66,2,1,2025-09-28,2,4
Logan Johnson,EMP10206,0,4,1,5,3,0,66908.5,0,16,Software Engineer,MA,92165,1960-01-14,F,Single,US Citizen,No,White,2010-11-03,,,Active,Software Engineering,James Anderson,9,Website,Fully Meets,2.17,4,1,2011-02-17,3,8
Harper Brown,EMP10207,0,3,1,1,3,0,71966.97,0,2,Production Technician II,MA,86322,1999-06-11,M,Married,US Citizen,No,Hispanic,2017-01-15,,,Active,Production,Robert Wilson,3,LinkedIn,Fully Meets,2.6,2,2,2023-03-03,4,6
Riley Johnson,EMP10208,0,1,1,5,2,1,79641.68,0,3,Software Engineering Manager,MA,49023,2001-01-20,M,Separated,US Citizen,No,Black or African American,2024-03-05,,,Active,Software Engineering,Jennifer Davis,8,LinkedIn,Partially Meets,3.62,4,2,2025-12-31,1,5
Taylor Miller,EMP10209,1,3,1,1,2,0,41949.13,0,17,Production Manager,PA,34726,1996-05-09,M,Married,US Citizen,No,White,2013-07-08,,,Active,Production,Robert Wilson,5,Google Search,Partially Meets,4.64,3,0,2013-10-04,0,7
Jamie Davis,EMP10210,0,1,1,3,4,0,96055.31,0,13,Sales Representative,MA,43290,1966-01-23,M,Single,US Citizen,No,White,2023-11-23,,,Active,Sales,Michael Smith,10,LinkedIn,Exceeds,4.13,4,0,2025-12-31,0,2
Avery Clark,EMP10211,0,2,1,6,4,0,84419.75,0,8,Executive Assistant,MA,32516,1975-09-19,F,Divorced,US Citizen,Yes,American Indian or Alaska Native,2010-05-08,,,Active,Executive Office,James Anderson,8,Google Search,Exceeds,2.79,4,0,2023-03-18,1,5
Harper Moore,EMP10212,0,4,1,5,3,0,62909.18,0,4,Software Engineering Manager,MA,89960,1991-05-04,F,Single,US Citizen,No,White,2020-07-18,,,Active,Software Engineering,Michael Smith,3,Google Search,Fully Meets,4.07,3,4,2025-12-31,3,6
Reese Robinson,EMP10213,0,3,1,2,3,0,51312.37,0,18,IT Support,PA,48918,1978-04-01,M,Separated,US Citizen,No,White,2022-01-05,,,Active,IT/IS,Robert Wilson,3,Employee Referral,Fully Meets,4.32,4,2,2025-12-31,1,5
Riley Thompson,EMP10214,0,3,1,1,3,0,52230.16,0,20,Area Sales Manager,NY,77249,1987-10-04,F,Single,US Citizen,No,White,2021-10-12,,,Active,Production,Daniel Jackson,6,Other,Fully Meets,3.1,4,1,2025-12-31,1,5
Reese Lewis,EMP10215,0,2,1,1,4,0,65099.78,0,19,Production Manager,NH,84055,1968-09-11,M,Married,US Citizen,No,White,2023-03-18,,,Active,Production,Michael Smith,10,CareerBuilder,Exceeds,3.52,4,0,2025-12-31,1,6
Cameron Taylor,EMP10216,0,2,1,1,3,0,53664.5,0,4,Production Technician I,NH,34830,1994-09-24,F,Married,US Citizen,No,Hispanic,2024-04-28,,,Active,Production,Robert Wilson,3,Website,Fully Meets,3.85,3,0,2025-12-31,1,10
Blake Lewis,EMP10217,0,2,5,2,3,0,60084.54,1,8,Network Engineer,MA,35470,1969-05-07,M,Single,US Citizen,No,Black or African American,2018-08-30,2023-04-21,Dissatisfaction,Terminated,IT/IS,Jennifer Davis,7,Employee Referral,Fully Meets,2.42,2,2,2025-12-31,2,2
Parker Thompson,EMP10218,0,1,1,1,3,0,62244.7,0,12,Production Manager,MA,84058,1988-03-22,M,Single,US Citizen,No,White,2017-02-08,,,Active,Production,Emily White,3,Indeed,Fully Meets,4.26,3,1,2025-12-31,0,8
Drew Lewis,EMP10219,0,3,1,1,4,0,72229.73,0,5,Area Sales Manager,NY,67560,1991-10-09,M,Single,US Citizen,No,White,2023-08-28,,,Active,Production,Robert Wilson,10,Website,Exceeds,2.8,1,2,2025-12-31,3,3
Taylor Clark,EMP10220,0,2,1,6,3,0,55830.23,0,12,Executive Assistant,PA,37872,1971-01-28,F,Divorced,Eligible NonCitizen,No,White,2011-09-13,,,Active,Executive Office,Patricia Thomas,2,Google Search,Fully Meets,2.97,4,4,2020-02-18,4,6
Rowan Taylor,EMP10221,0,4,1,4,3,0,36885.42,0,14,Administrative Assistant,NY,16365,1978-02-10,F,Married,US Citizen,No,American Indian or Alaska Native,2015-08-13,,,Active,Admin Offices,Emily White,4,Website,Fully Meets,3.51,4,3,2024-05-18,2,4
Avery Anderson,EMP10222,0,1,1,3,3,0,112120.43,0,4,Sales Manager,NH,18165,1990-07-17,F,Married,US Citizen,No,White,2010-11-22,,,Active,Sales,Patricia Thomas,5,Google Search,Fully Meets,3.45,3,3,2012-05-14,1,3
Cameron Miller,EMP10223,1,3,1,1,3,0,38837.25,0,14,Production Manager,MA,76804,2000-07-04,F,Single,US Citizen,No,American Indian or Alaska Native,2022-08-06,,,Active,Production,Daniel Jackson,9,Other,Fully Meets,3.27,2,0,2025-12-31,0,5
Reese Lewis,EMP10224,0,2,1,1,4,0,39665.4,0,12,Production Manager,NJ,63391,1987-01-13,F,Single,US Citizen,No,White,2024-02-22,,,Active,Production,Emily White,9,Indeed,Exceeds,4.95,4,1,2025-12-31,2,4
Taylor Robinson,EMP10225,0,1,5,1,3,0,129829.67,1,9,Production Technician II,NY,73695,1995-09-11,F,Divorced,US Citizen,Yes,Black or African American,2014-11-07,2020-09-24,Attendance,Terminated,Production,Daniel Jackson,9,Website,Fully Meets,4.05,2,1,2025-09-29,4,3
Logan Brown,EMP10226,0,4,1,2,1,0,37029.54,0,17,IT Manager,MA,77034,1960-07-04,F,Married,US Citizen,Yes,White,2019-05-11,,,Active,IT/IS,Patricia Thomas,10,Employee Referral,PIP,4.12,3,2,2025-12-31,1,1
Riley Smith,EMP10227,0,3,1,1,2,0,37021.78,0,2,Production Manager,MA,15605,1967-04-03,M,Single,US Citizen,No,Hispanic,2021-09-02,,,Active,Production,Robert Wilson,9,CareerBuilder,Partially Meets,2.93,3,2,2025-12-31,3,4
Drew Thomas,EMP10228,0,2,1,4,3,0,31220.0,0,5,Administrative Assistant,MA,63569,1987-06-03,F,Married,US Citizen,No,Hispanic,2019-07-16,,,Active,Admin Offices,David Brown,1,CareerBuilder,Fully Meets,3.63,4,0,2025-12-31,1,3
Rowan Robinson,EMP10229,1,3,1,1,3,0,67850.98,0,7,Production Technician II,RI,55433,1961-03-26,M,Widowed,US Citizen,No,Hispanic,2021-04-12,,,Active,Production,Robert Wilson,2,CareerBuilder,Fully Meets,4.04,4,1,2025-07-04,1,5
Sam White,EMP10230,0,4,1,1,2,0,58612.72,0,5,Production Manager,PA,95125,1998-06-06,M,Separated,US Citizen,No,White,2020-10-14,,,Active,Production,Robert Wilson,5,Indeed,Partially Meets,3.16,5,1,2025-12-31,3,4
Skyler Jackson,EMP10231,0,1,1,5,3,0,61388.61,0,2,Software Engineer,NH,61827,1981-12-21,F,Divorced,US Citizen,No,American Indian or Alaska Native,2021-08-15,,,Active,Software Engineering,Michael Smith,1,Website,Fully Meets,3.25,1,1,2022-07-18,4,5
Jamie Anderson,EMP10232,0,5,1,5,3,0,54820.45,0,17,Software Engineering Manager,MA,45555,1967-06-08,M,Single,US Citizen,Yes,Hispanic,2019-08-02,,,Active,Software Engineering,James Anderson,7,Google Search,Fully Meets,3.66,5,1,2025-12-31,2,7
Quinn Lewis,EMP10233,0,1,1,2,3,0,54160.98,0,2,Network Engineer,PA,28390,1975-05-24,F,Married,US Citizen,No,White,2014-04-03,,,Active,IT/IS,Lisa Miller,7,LinkedIn,Fully Meets,3.54,4,3,2025-12-31,4,3
Parker Davis,EMP10234,0,5,1,1,3,0,69722.95,0,1,Area Sales Manager,NH,37431,1967-09-01,M,Divorced,US Citizen,No,White,2024-06-16,,,Active,Production,Michael Smith,7,CareerBuilder,Fully Meets,2.35,2,0,2024-10-10,2,8
Skyler Davis,EMP10235,0,1,1,2,3,0,58118.54,0,6,IT Support,MA,51225,1976-09-06,F,Married,US Citizen,No,White,2015-12-18,,,Active,IT/IS,Lisa Miller,10,CareerBuilder,Fully Meets,2.67,3,1,2024-04-08,4,3
Sam Anderson,EMP10236,0,5,1,2,4,0,92431.47,0,9,Network Engineer,MA,40070,1966-06-07,M,Single,US Citizen,Yes,White,2016-03-18,,,Active,IT/IS,Jennifer Davis,5,Indeed,Exceeds,4.88,2,2,2025-12-31,3,4
Avery Taylor,EMP10237,0,3,5,3,3,0,50926.69,1,17,Area Sales Manager,RI,22619,1983-01-23,F,Married,US Citizen,Yes,Asian,2010-05-09,2016-06-10,Attendance,Terminated,Sales,Michael Smith,10,Diversity Job Fair,Fully Meets,3.9,1,2,2023-09-30,1,5
Skyler Miller,EMP10238,0,3,1,2,3,0,42764.19,0,8,IT Support,MA,17037,1991-04-28,M,Married,US Citizen,No,White,2012-11-13,,,Active,IT/IS,Lisa Miller,8,Google Search,Fully Meets,3.53,5,0,2020-09-14,1,10
Riley Anderson,EMP10239,1,2,1,1,3,0,40427.88,0,12,Production Technician I,MA,99213,1991-09-06,F,Married,US Citizen,No,White,2021-12-06,,,Active,Production,Emily White,7,LinkedIn,Fully Meets,3.25,5,0,2025-12-31,2,1
Avery Davis,EMP10240,0,2,1,5,3,0,77451.68,0,4,Senior Software Engineer,NY,41777,1961-11-17,M,Married,US Citizen,No,White,2018-12-31,,,Active,Software Engineering,Michael Smith,6,Other,Fully Meets,2.33,4,1,2025-12-31,0,3
Cameron Martin,EMP10241,0,5,1,2,3,0,30000.0,0,9,Database Administrator,CT,29011,1982-02-11,F,Married,US Citizen,No,White,2016-11-03,,,Active,IT/IS,Patricia Thomas,2,Google Search,Fully Meets,2.24,3,2,2025-03-07,2,6
Reese Thomas,EMP10242,1,4,1,1,3,1,46855.95,0,17,Production Manager,MA,25998,2000-07-01,M,Single,Eligible NonCitizen,No,White,2017-10-14,,,Active,Production,Daniel Jackson,9,Employee Referral,Fully Meets,3.87,5,2,2025-12-31,3,5
Rowan Anderson,EMP10243,1,4,1,1,3,0,87678.21,0,7,Production Manager,RI,77137,1990-04-08,M,Married,US Citizen,No,White,2014-02-28,,,Active,Production,Patricia Thomas,2,LinkedIn,Fully Meets,2.96,4,0,2015-12-10,1,2
Rowan Thompson,EMP10244,0,3,1,1,3,1,84355.9,0,20,Production Manager,MA,59005,1964-11-02,M,Single,US Citizen,No,White,2019-02-22,,,Active,Production,Lisa Miller,10,Other,Fully Meets,4.77,2,2,2025-12-31,2,3
Harper Jackson,EMP10245,0,3,1,3,2,1,40289.31,0,18,Area Sales Manager,CT,62700,1987-09-28,F,Single,US Citizen,No,White,2015-06-18,,,Active,Sales,Daniel Jackson,3,LinkedIn,Partially Meets,3.86,4,0,2021-01-24,4,3
Harper Martinez,EMP10246,0,2,1,1,4,0,88026.06,0,4,Production Technician I,MA,20675,1980-07-17,F,Married,US Citizen,Yes,White,2012-09-30,,,Active,Production,Emily White,7,Employee Referral,Exceeds,2.53,3,3,2023-08-07,3,4
Riley Martin,EMP10247,0,1,5,1,3,0,30000.0,1,6,Production Technician II,RI,87423,2000-08-26,F,Divorced,US Citizen,No,White,2010-08-11,2011-03-22,Better Opportunity,Terminated,Production,James Anderson,9,Indeed,Fully Meets,3.45,3,2,2016-11-03,0,8
Emerson Robinson,EMP10248,0,3,5,5,3,0,84480.28,1,20,Software Engineering Manager,MA,60476,1974-08-23,M,Single,Eligible NonCitizen,No,Black or African American,2016-07-04,2019-01-19,Better Opportunity,Terminated,Software Engineering,Michael Smith,4,Indeed,Fully Meets,1.9,4,3,2025-12-31,2,9
Blake Martin,EMP10249,0,1,1,2,2,0,121794.08,0,18,Database Administrator,RI,59185,1962-05-21,F,Married,US Citizen,No,Asian,2010-12-30,,,Active,IT/IS,Michael Smith,10,LinkedIn,Partially Meets,4.58,3,2,2021-01-09,1,1
Skyler Anderson,EMP10250,0,2,1,5,3,0,59223.56,0,5,Software Engineer,MA,60912,1976-02-29,F,Married,US Citizen,No,American Indian or Alaska Native,2022-10-06,,,Active,Software Engineering,Robert Wilson,1,Indeed,Fully Meets,4.79,4,1,2025-12-31,5,7
Logan Davis,EMP10251,0,3,1,3,3,0,49078.44,0,1,Sales Representative,CT,61173,1963-08-12,F,Single,US Citizen,No,White,2021-01-14,,,Active,Sales,Michael Smith,1,Other,Fully Meets,2.58,4,0,2023-11-24,1,7
Emerson Smith,EMP10252,0,2,1,6,4,0,35224.82,0,5,Executive Assistant,NY,48701,1972-04-18,M,Married,US Citizen,No,White,2017-07-06,,,Active,Executive Office,Sarah Johnson,9,Diversity Job Fair,Exceeds,3.1,2,2,2018-04-16,2,2
Casey Brown,EMP10253,1,4,1,1,3,0,93243.79,0,20,Production Manager,MA,31668,1980-01-06,M,Married,US Citizen,No,American Indian or Alaska Native,2021-06-17,,,Active,Production,Emily White,1,LinkedIn,Fully Meets,3.59,2,5,2025-12-31,5,8
Jamie Garcia,EMP10254,0,4,1,1,3,0,90569.64,0,20,Area Sales Manager,MA,18007,1987-01-17,M,Divorced,US Citizen,No,American Indian or Alaska Native,2012-05-20,,,Active,Production,Michael Smith,10,CareerBuilder,Fully Meets,3.4,4,1,2015-09-30,4,9
Harper Jackson,EMP10255,1,5,1,1,2,0,51282.56,0,17,Production Technician II,MA,71913,1991-03-03,M,Single,US Citizen,No,Asian,2012-10-08,,,Active,Production,Daniel Jackson,9,Diversity Job Fair,Partially Meets,3.28,4,0,2023-10-24,4,3
Emerson Taylor,EMP10256,0,3,1,1,2,1,65680.59,0,3,Production Technician I,CT,81377,1960-03-26,F,Single,US Citizen,No,Hispanic,2010-12-14,,,Active,Production,Jennifer Davis,3,Employee Referral,Partially Meets,4.12,3,2,2017-11-19,2,5
Logan Taylor,EMP10257,0,2,1,1,3,0,34089.75,0,11,Production Manager,MA,85708,1986-08-29,M,Widowed,Eligible NonCitizen,Yes,White,2016-03-16,,,Active,Production,Jennifer Davis,4,LinkedIn,Fully Meets,4.05,5,0,2018-05-26,4,6
Harper Thomas,EMP10258,0,1,1,1,3,0,75134.75,0,9,Production Technician I,MA,38766,1970-06-08,M,Divorced,US Citizen,No,White,2013-01-05,,,Active,Production,David Brown,7,Google Search,Fully Meets,3.59,1,2,2016-10-18,2,6
Reese Thompson,EMP10259,0,3,1,4,3,0,42800.02,0,17,Administrative Assistant,MA,25259,1980-11-26,F,Married,US Citizen,No,White,2013-06-20,,,Active,Admin Offices,Daniel Jackson,8,Employee Referral,Fully Meets,2.99,2,0,2024-03-02,1,3
Casey Davis,EMP10260,1,5,1,1,3,0,30000.0,0,7,Production Technician I,MA,59244,1974-04-27,M,Single,US Citizen,No,Hispanic,2016-05-17,,,Active,Production,Emily White,1,Google Search,Fully Meets,3.78,1,2,2025-12-31,2,3
Drew Garcia,EMP10261,1,1,1,1,3,0,84158.94,0,20,Production Technician I,MA,47840,1979-11-29,M,Married,US Citizen,No,White,2014-10-16,,,Active,Production,Michael Smith,4,Indeed,Fully Meets,3.41,3,0,2021-11-27,2,6
Emerson Lewis,EMP10262,0,5,5,1,4,0,76657.45,1,18,Production Technician II,MA,61754,1962-09-17,M,Single,Eligible NonCitizen,No,White,2021-06-07,2025-09-24,Higher Pay,Terminated,Production,,3,Website,Exceeds,2.73,1,2,2023-03-17,3,11
Cameron Harris,EMP10263,0,4,5,3,2,0,87430.22,1,7,Area Sales Manager,MA,85814,1967-02-07,F,Widowed,US Citizen,No,White,2021-10-20,2022-03-06,Higher Pay,Terminated,Sales,Michael Smith,4,Indeed,Partially Meets,4.0,2,0,2025-12-31,0,8
Alex Martinez,EMP10264,0,4,1,1,3,0,54242.63,0,18,Production Technician II,MA,91415,1987-06-26,F,Married,Eligible NonCitizen,No,Black or African American,2014-11-16,,,Active,Production,Patricia Thomas,4,Indeed,Fully Meets,3.9,3,0,,1,2
Quinn Jackson,EMP10265,0,4,1,1,2,0,58098.71,0,6,Production Technician I,MA,62080,1968-06-24,M,Single,US Citizen,No,White,2013-08-27,,,Active,Production,Jennifer Davis,7,Indeed,Partially Meets,3.35,4,0,2021-09-23,4,7
Reese Davis,EMP10266,0,2,5,3,3,0,64061.22,1,15,Sales Manager,MA,67979,1966-06-14,F,Single,US Citizen,No,White,2023-10-07,2025-10-21,End of Contract,Terminated,Sales,Robert Wilson,2,Diversity Job Fair,Fully Meets,3.43,5,2,2025-12-31,2,6
Drew White,EMP10267,1,4,1,1,4,0,68765.92,0,2,Production Technician I,NJ,30436,1968-04-08,M,Single,US Citizen,Yes,Black or African American,2012-10-03,,,Active,Production,Sarah Johnson,7,Website,Exceeds,4.15,4,0,2018-03-29,1,3
Alex Smith,EMP10268,0,2,1,4,2,0,67510.25,0,5,Human Resources,NJ,15326,1963-01-22,F,Single,US Citizen,No,Hispanic,2018-11-19,,,Active,Admin Offices,David Brown,7,LinkedIn,Partially Meets,3.55,2,4,2025-07-25,3,6
Harper Smith,EMP10269,0,5,1,5,3,1,52788.86,0,11,Software Engineer,MA,21822,1998-04-04,F,Single,US Citizen,No,White,2018-09-22,,,Active,Software Engineering,Sarah Johnson,6,Diversity Job Fair,Fully Meets,3.94,3,3,2025-12-31,1,7
Alex Johnson,EMP10270,1,4,1,2,3,0,31316.53,0,7,Network Engineer,NJ,50695,1983-01-01,M,Single,US Citizen,No,Hispanic,2023-07-18,,,Active,IT/IS,Jennifer Davis,7,Employee Referral,Fully Meets,2.83,5,1,2025-12-31,2,7
Blake Johnson,EMP10271,0,3,1,2,4,1,76436.82,0,19,IT Support,CT,16261,1960-09-21,F,Divorced,US Citizen,No,White,2014-10-27,,,Active,IT/IS,Michael Smith,1,Employee Referral,Exceeds,3.2,2,1,2015-08-20,0,5
Jamie Thompson,EMP10272,0,3,1,1,1,1,37312.49,0,8,Production Manager,NH,23880,1968-01-14,M,Divorced,US Citizen,No,Two or More Races,2015-04-30,,,Active,Production,Lisa Miller,6,Indeed,PIP,4.05,4,3,2017-04-15,4,3
Riley Thomas,EMP10273,1,1,1,2,3,0,56954.59,0,9,Network Engineer,MA,16337,1970-01-11,F,Married,US Citizen,No,White,2023-02-28,,,Active,IT/IS,David Brown,6,Employee Referral,Fully Meets,4.92,5,0,2024-06-03,3,4
Cameron Brown,EMP10274,0,1,1,4,3,1,33966.53,0,3,Administrative Assistant,MA,94106,1971-09-12,F,Married,US Citizen,No,White,2023-07-14,,,Active,Admin Offices,Patricia Thomas,5,CareerBuilder,Fully Meets,4.33,4,1,2025-12-31,2,3
Drew Miller,EMP10275,0,2,1,1,3,0,43292.93,0,6,Production Manager,CT,88041,1991-06-08,M,Separated,US Citizen,No,Asian,2012-03-24,,,Active,Production,David Brown,2,Indeed,Fully Meets,3.02,3,1,2024-07-18,0,5
Emerson Taylor,EMP10276,0,2,1,1,3,0,48223.47,0,3,Production Manager,PA,80502,1992-04-17,F,Married,US Citizen,No,White,2011-08-10,,,Active,Production,Daniel Jackson,8,Indeed,Fully Meets,3.92,3,0,2016-07-14,0,4
Drew Moore,EMP10277,0,2,1,1,3,1,69015.73,0,4,Production Technician II,MA,57559,1977-08-15,F,Married,US Citizen,No,White,2023-01-16,,,Active,Production,Sarah Johnson,3,CareerBuilder,Fully Meets,4.21,3,0,2025-12-31,2,4
Morgan Moore,EMP10278,1,3,1,5,3,0,36453.16,0,2,Software Engineering Manager,MA,81167,1992-06-14,F,Married,US Citizen,No,White,2022-04-17,,,Active,Software Engineering,Jennifer Davis,7,Website,Fully Meets,3.06,5,1,2022-10-24,0,3
Blake Miller,EMP10279,1,2,1,4,4,0,66083.93,0,5,Human Resources,MA,44227,1965-01-11,F,Divorced,US Citizen,Yes,White,2016-03-12,,,Active,Admin Offices,David Brown,3,Indeed,Exceeds,3.64,3,2,2023-06-18,2,5
Alex Garcia,EMP10280,0,4,1,1,4,0,101369.93,0,3,Area Sales Manager,CT,59262,2000-04-01,F,Married,US Citizen,No,White,2010-12-14,,,Active,Production,Emily White,9,Employee Referral,Exceeds,3.75,4,2,2011-08-26,2,9
Harper Lewis,EMP10281,0,5,1,1,3,0,69353.49,0,13,Production Technician I,RI,97198,1974-12-07,F,Married,US Citizen,No,White,2020-05-14,,,Active,Production,Michael Smith,1,Other,Fully Meets,3.3,4,0,2025-12-31,2,5
Taylor Jackson,EMP10282,0,5,5,3,3,0,65986.89,1,9,Area Sales Manager,CT,66992,1968-11-24,F,Single,US Citizen,No,White,2014-10-24,2016-07-06,Relocation,Terminated,Sales,Lisa Miller,6,Employee Referral,Fully Meets,2.73,4,1,2021-06-21,3,4
Alex White,EMP10283,0,5,1,6,3,0,80850.11,0,14,President & CEO,CT,46726,1981-02-05,F,Married,Eligible NonCitizen,No,White,2023-03-30,,,Active,Executive Office,Lisa Miller,8,Employee Referral,Fully Meets,3.52,1,4,2025-04-05,5,3
Logan Wilson,EMP10284,0,4,5,1,4,0,96999.09,1,1,Production Manager,NJ,99147,1974-11-10,M,Married,Eligible NonCitizen,No,Two or More Races,2021-09-19,2024-05-28,Higher Pay,Terminated,Production,Daniel Jackson,6,Indeed,Exceeds,1.96,3,3,2025-12-31,2,5
Rowan Wilson,EMP10285,0,4,1,4,3,0,56867.02,0,7,Human Resources,NJ,23008,1990-11-12,F,Divorced,US Citizen,No,Black or African American,2020-09-06,,,Active,Admin Offices,James Anderson,6,Google Search,Fully Meets,3.62,4,0,2020-11-07,1,5
Morgan White,EMP10286,1,2,5,2,2,0,68838.36,1,8,IT Support,MA,66865,1975-01-12,M,Married,US Citizen,Yes,Black or African American,2013-12-20,2024-12-02,Better Opportunity,Terminated,IT/IS,Robert Wilson,5,Employee Referral,Partially Meets,3.54,3,4,2017-05-12,1,8
Casey Thomas,EMP10287,0,2,1,4,3,0,47151.05,0,11,Administrative Assistant,MA,17581,1990-03-14,F,Single,US Citizen,No,White,2020-03-21,,,Active,Admin Offices,Robert Wilson,8,Google Search,Fully Meets,3.96,5,0,2025-12-31,0,5
Reese Anderson,EMP10288,0,2,1,4,3,0,59358.67,0,4,Administrative Assistant,MA,12002,1976-05-17,F,Married,US Citizen,No,Asian,2017-08-06,,,Active,Admin Offices,Robert Wilson,4,Google Search,Fully Meets,2.79,5,0,2023-11-02,1,5
Cameron Anderson,EMP10289,0,5,1,1,3,0,75186.08,0,4,Area Sales Manager,NJ,67291,1996-01-19,M,Divorced,US Citizen,No,White,2017-04-05,,,Active,Production,Michael Smith,7,Indeed,Fully Meets,3.53,4,1,2018-08-14,0,8
Casey Brown,EMP10290,1,4,1,4,2,1,58816.49,0,19,Administrative Assistant,RI,31330,1978-11-01,F,Married,US Citizen,No,White,2012-09-26,,,Active,Admin Offices,Michael Smith,1,Indeed,Partially Meets,3.93,2,0,2023-06-22,2,4
Quinn Jackson,EMP10291,0,3,1,1,3,1,32269.04,0,3,Production Manager,PA,22939,1981-12-23,M,Separated,US Citizen,No,White,2020-01-23,,,Active,Production,Patricia Thomas,2,Indeed,Fully Meets,3.35,5,0,2025-12-31,2,8
Avery Moore,EMP10292,0,2,1,5,4,0,40409.72,0,13,Software Engineer,CT,79627,1975-06-12,M,Married,US Citizen,Yes,White,2022-09-30,,,Active,Software Engineering,Sarah Johnson,9,CareerBuilder,Exceeds,5.0,5,1,2025-12-31,0,3
Taylor Moore,EMP10293,0,5,1,1,1,0,88660.28,0,11,Production Technician II,RI,45033,1985-09-11,M,Single,US Citizen,No,White,2014-04-08,,,Active,Production,David Brown,10,LinkedIn,PIP,3.2,5,1,2019-09-14,7,11
Harper Martinez,EMP10294,0,2,1,1,3,0,90409.24,0,17,Production Manager,NH,70140,1974-05-16,M,Single,US Citizen,Yes,Hispanic,2024-04-12,,,Active,Production,Michael Smith,2,Indeed,Fully Meets,4.64,3,2,2025-12-31,3,5
Skyler Anderson,EMP10295,0,4,1,1,3,0,60503.03,0,12,Production Technician I,MA,33263,1967-11-11,M,Divorced,US Citizen,No,Asian,2021-09-13,,,Active,Production,Robert Wilson,1,CareerBuilder,Fully Meets,3.2,4,0,2025-12-31,0,2
Avery Taylor,EMP10296,0,5,1,2,3,0,110235.25,0,14,Network Engineer,RI,51669,1976-12-31,F,Divorced,US Citizen,No,White,2018-07-13,,,Active,IT/IS,Lisa Miller,6,CareerBuilder,Fully Meets,5.0,4,2,2025-12-31,3,7
Emerson Taylor,EMP10297,1,3,5,1,1,0,96633.18,1,17,Production Technician II,CT,56909,1983-04-28,M,Single,US Citizen,No,Hispanic,2013-04-14,2015-05-26,Better Opportunity,Terminated,Production,David Brown,2,Diversity Job Fair,PIP,4.13,1,0,2023-03-14,1,8
Rowan Johnson,EMP10298,0,4,1,1,3,0,46372.8,0,10,Production Technician I,PA,27217,1961-03-30,M,Single,US Citizen,No,Black or African American,2016-12-19,,,Active,Production,Patricia Thomas,7,Google Search,Fully Meets,3.1,3,2,2025-12-31,2,5
Jamie Johnson,EMP10299,0,1,1,4,2,0,49876.45,0,5,Office Manager,NJ,54228,1962-10-19,F,Divorced,US Citizen,No,Asian,2014-05-01,,,Active,Admin Offices,Patricia Thomas,8,Google Search,Partially Meets,3.91,4,2,2017-04-29,2,3
Avery Thompson,EMP10300,0,4,1,2,2,0,69938.66,0,1,Database Administrator,MA,42035,1996-12-30,M,Single,US Citizen,No,Hispanic,2019-08-31,,,Active,IT/IS,Michael Smith,6,Indeed,Partially Meets,2.41,5,0,2025-12-31,1,3
Riley Thompson,EMP10301,1,2,1,1,3,0,33696.87,0,2,Production Technician I,MA,66911,1989-06-13,M,Married,US Citizen,No,White,2010-06-18,,,Active,Production,Michael Smith,7,Employee Referral,Fully Meets,2.89,5,3,2016-05-05,4,9
Sam Harris,EMP10302,0,1,1,1,3,0,33705.36,0,10,Production Manager,PA,71841,1987-12-23,F,Divorced,US Citizen,No,Asian,2016-01-22,,,Active,Production,James Anderson,1,Indeed,Fully Meets,3.17,2,1,2025-12-31,1,7
Sam Robinson,EMP10303,0,5,1,1,2,0,45428.31,0,3,Area Sales Manager,NY,82455,1963-04-19,F,Married,US Citizen,No,Hispanic,2017-05-07,,,Active,Production,David Brown,5,LinkedIn,Partially Meets,2.42,1,2,2018-09-02,0,2
Logan White,EMP10304,1,4,1,1,4,0,50759.39,0,16,Production Technician II,MA,86224,1974-12-14,M,Single,US Citizen,No,White,2022-06-12,,,Active,Production,Jennifer Davis,3,Indeed,Exceeds,3.04,3,1,2025-12-31,1,5
Casey Clark,EMP10305,0,4,5,1,3,0,31235.4,1,5,Area Sales Manager,NJ,39905,1981-05-30,M,Separated,Eligible NonCitizen,No,White,2011-02-23,2015-07-31,Attendance,Terminated,Production,Robert Wilson,6,Website,Fully Meets,3.75,5,0,2016-12-25,2,5
Jamie Harris,EMP10306,0,3,5,4,2,0,90314.44,1,3,Administrative Assistant,MA,36244,1968-02-29,M,Single,US Citizen,No,White,2017-09-12,2019-12-06,Dissatisfaction,Terminated,Admin Offices,James Anderson,1,LinkedIn,Partially Meets,3.12,4,3,2023-02-18,0,8
Harper Thompson,EMP10307,0,1,1,2,3,0,53218.09,0,11,Network Engineer,CT,42193,1989-04-13,F,Single,US Citizen,Yes,Hispanic,2024-04-23,,,Active,IT/IS,Michael Smith,7,Diversity Job Fair,Fully Meets,4.57,2,2,2025-12-31,1,3
Alex Anderson,EMP10308,0,3,1,5,2,0,42627.41,0,10,Senior Software Engineer,MA,48885,1979-03-27,F,Widowed,US Citizen,No,White,2015-06-09,,,Active,Software Engineering,Daniel Jackson,10,LinkedIn,Partially Meets,2.45,3,1,2016-03-19,2,5
Quinn Davis,EMP10309,0,4,1,1,3,0,48394.08,0,15,Production Technician II,MA,71637,1975-04-16,M,Married,US Citizen,Yes,Hispanic,2017-07-09,,,Active,Production,Daniel Jackson,3,Indeed,Fully Meets,4.41,2,0,2025-12-31,4,8
Casey Miller,EMP10310,0,1,1,1,4,0,95406.35,0,16,Area Sales Manager,MA,25627,1978-05-15,F,Divorced,Eligible NonCitizen,No,Hispanic,2011-10-09,,,Active,Production,Lisa Miller,5,Indeed,Exceeds,5.0,2,1,2019-10-07,1,7
Morgan Taylor,EMP10311,1,3,5,2,3,0,52145.64,1,19,IT Manager,NY,40235,2000-06-11,M,Married,US Citizen,No,Asian,2016-10-16,2025-06-08,End of Contract,Terminated,IT/IS,Sarah Johnson,8,CareerBuilder,Fully Meets,3.68,3,3,2022-10-31,5,3
Quinn White,EMP10312,1,5,1,1,2,1,63238.57,0,19,Area Sales Manager,NH,72282,1980-09-14,M,Separated,US Citizen,No,Two or More Races,2012-02-21,,,Active,Production,James Anderson,2,Google Search,Partially Meets,4.58,1,1,2015-02-23,4,3
Jamie Brown,EMP10313,0,5,1,1,3,0,50291.93,0,4,Area Sales Manager,PA,52525,1992-05-11,F,Single,US Citizen,No,White,2018-11-09,,,Active,Production,Lisa Miller,3,Indeed,Fully Meets,5.0,3,1,2025-12-31,1,5
Cameron Miller,EMP10314,0,3,1,1,3,0,119840.72,0,3,Production Technician I,NJ,85086,1996-03-01,M,Single,US Citizen,No,White,2012-08-14,,,Active,Production,Michael Smith,6,Employee Referral,Fully Meets,4.39,5,1,2013-01-27,4,9
Morgan Robinson,EMP10315,0,1,1,3,1,0,50040.8,0,10,Area Sales Manager,NY,92640,1973-08-26,F,Single,US Citizen,No,White,2013-03-21,,,Active,Sales,Robert Wilson,4,LinkedIn,PIP,3.77,2,0,2014-12-09,2,2
Harper Davis,EMP10316,0,2,5,2,2,0,30000.0,1,12,Network Engineer,MA,32242,1969-05-15,F,Separated,US Citizen,Yes,White,2019-04-28,2022-08-06,Higher Pay,Terminated,IT/IS,Daniel Jackson,5,Diversity Job Fair,Partially Meets,3.9,3,1,2025-12-31,1,7
Skyler Robinson,EMP10317,0,2,1,1,2,0,108629.09,0,6,Production Technician II,PA,20274,1989-05-25,F,Single,US Citizen,No,Asian,2016-01-31,,,Active,Production,David Brown,1,LinkedIn,Partially Meets,2.97,4,1,2025-12-31,1,3
Rowan Moore,EMP10318,0,5,1,1,3,0,30000.0,0,2,Production Technician I,MA,65693,1980-04-04,F,Single,US Citizen,No,Two or More Races,2014-03-25,,,Active,Production,Daniel Jackson,10,Indeed,Fully Meets,3.12,4,1,2025-02-12,1,4
Drew Jackson,EMP10319,1,2,1,1,1,1,97000.12,0,4,Production Technician I,NY,48423,1968-07-15,F,Married,US Citizen,No,White,2018-06-10,,,Active,Production,Daniel Jackson,3,Indeed,PIP,2.56,4,1,2020-07-08,3,3
Parker Taylor,EMP10320,1,1,1,1,3,1,89690.0,0,7,Production Technician II,PA,56215,1997-03-27,M,Divorced,US Citizen,Yes,Black or African American,2021-01-21,,,Active,Production,Patricia Thomas,4,Google Search,Fully Meets,3.56,1,3,2025-12-31,1,4
Jordan Anderson,EMP10321,0,2,1,1,2,0,44373.68,0,3,Production Manager,NJ,97305,1971-05-28,M,Single,US Citizen,No,White,2011-06-24,,,Active,Production,Patricia Thomas,5,Google Search,Partially Meets,4.09,2,1,2019-09-20,2,3
Blake Thompson,EMP10322,0,2,1,5,3,0,111636.07,0,14,Software Engineering Manager,MA,94939,1987-11-16,F,Single,US Citizen,No,American Indian or Alaska Native,2013-01-26,,,Active,Software Engineering,Jennifer Davis,1,Website,Fully Meets,5.0,4,1,2018-05-27,2,1
Emerson Jackson,EMP10323,0,3,5,1,1,0,41105.34,1,16,Area Sales Manager,MA,23629,1977-03-13,F,Married,US Citizen,No,White,2021-03-13,2025-08-08,Better Opportunity,Terminated,Production,Daniel Jackson,7,CareerBuilder,PIP,2.84,1,0,2025-12-31,1,5
Morgan Anderson,EMP10324,0,3,5,5,3,0,40765.51,1,13,Software Engineering Manager,MA,84141,1978-11-30,M,Married,US Citizen,No,White,2021-03-01,2022-07-30,Better Opportunity,Terminated,Software Engineering,Emily White,7,CareerBuilder,Fully Meets,2.86,1,0,2025-12-31,1,5
Reese Moore,EMP10325,0,3,1,2,2,0,30000.0,0,13,IT Support,RI,24334,1999-11-07,F,Married,US Citizen,No,Black or African American,2024-07-01,,,Active,IT/IS,Lisa Miller,9,Employee Referral,Partially Meets,3.39,4,2,2025-12-31,3,7
Blake Jackson,EMP10326,1,2,1,1,2,0,54693.8,0,18,Production Manager,MA,77123,1975-01-12,F,Married,US Citizen,Yes,White,2017-07-14,,,Active,Production,Lisa Miller,9,LinkedIn,Partially Meets,3.68,3,2,2025-02-08,0,5
Emerson Garcia,EMP10327,0,3,1,6,2,0,88180.54,0,16,Executive Assistant,CT,28583,1979-03-29,M,Separated,US Citizen,No,Black or African American,2021-09-27,,,Active,Executive Office,Jennifer Davis,8,Indeed,Partially Meets,2.22,4,1,2025-12-31,1,3
Blake Harris,EMP10328,0,5,1,3,1,0,30000.0,0,8,Area Sales Manager,RI,16340,1973-11-04,M,Single,US Citizen,Yes,White,2019-12-13,,,Active,Sales,Jennifer Davis,7,CareerBuilder,PIP,2.37,4,0,2025-06-28,1,4
Cameron Thomas,EMP10329,0,1,1,1,3,1,63948.17,0,16,Production Manager,NY,11148,1995-05-07,F,Married,US Citizen,Yes,Black or African American,2017-07-01,,,Active,Production,Jennifer Davis,6,LinkedIn,Fully Meets,2.33,2,2,2021-08-18,3,4
Emerson Moore,EMP10330,0,5,1,1,3,0,51099.28,0,8,Area Sales Manager,RI,19530,1973-10-27,F,Married,US Citizen,No,Black or African American,2014-07-01,,,Active,Production,Emily White,1,Indeed,Fully Meets,3.48,5,1,2025-12-31,2,2
Avery White,EMP10331,0,3,1,1,3,0,56298.34,0,17,Production Technician II,NJ,35411,1976-04-16,M,Married,US Citizen,No,White,2023-07-30,,,Active,Production,Patricia Thomas,1,LinkedIn,Fully Meets,4.97,3,1,2025-12-31,1,5
Jamie Jackson,EMP10332,0,1,1,1,3,0,31931.58,0,4,Production Technician II,MA,93785,1995-02-18,F,Married,US Citizen,Yes,Hispanic,2022-06-14,,,Active,Production,James Anderson,8,Other,Fully Meets,4.4,1,2,2022-12-05,1,6
Harper Taylor,EMP10333,1,2,1,1,3,0,67042.43,0,15,Production Manager,MA,99791,1969-11-12,F,Single,US Citizen,No,Asian,2022-07-27,,,Active,Production,Lisa Miller,3,LinkedIn,Fully Meets,4.02,2,1,2025-12-31,0,7
Jordan White,EMP10334,0,5,1,1,4,1,73526.55,0,2,Production Technician II,MA,95845,1969-10-23,F,Married,US Citizen,No,White,2016-09-13,,,Active,Production,Michael Smith,10,Website,Exceeds,,4,3,2025-12-31,3,9
Morgan Johnson,EMP10335,1,3,1,2,3,1,57360.75,0,2,IT Manager,MA,33986,1983-10-07,M,Single,US Citizen,No,Black or African American,2010-09-14,,,Active,IT/IS,Jennifer Davis,1,LinkedIn,Fully Meets,3.83,4,1,2018-03-10,1,7
Reese Garcia,EMP10336,0,3,1,4,2,0,66863.56,0,12,Office Manager,CT,63984,1972-10-04,F,Single,US Citizen,No,Black or African American,2022-12-31,,,Active,Admin Offices,Daniel Jackson,8,Employee Referral,Partially Meets,3.35,5,3,2025-12-31,3,4
Drew Martinez,EMP10337,0,1,1,2,3,0,56077.96,0,16,Network Engineer,CT,26110,1978-06-19,M,Widowed,US Citizen,No,White,2019-06-09,,,Active,IT/IS,Patricia Thomas,4,Website,Fully Meets,2.72,1,1,2025-12-31,2,3
Blake Robinson,EMP10338,0,2,1,4,2,0,82682.53,0,8,Human Resources,MA,85941,1973-04-20,M,Single,US Citizen,No,Hispanic,2011-08-26,,,Active,Admin Offices,David Brown,5,CareerBuilder,Partially Meets,3.63,3,2,2014-02-07,4,5
Parker Thomas,EMP10339,0,2,1,1,3,0,44439.45,0,2,Production Technician II,MA,52559,1987-01-29,F,Single,US Citizen,No,White,2012-02-28,,,Active,Production,Michael Smith,5,Google Search,Fully Meets,2.99,3,1,2022-09-12,1,8
Sam Jackson,EMP10340,0,3,1,3,1,0,39278.52,0,19,Sales Manager,PA,45895,1999-01-22,F,Married,US Citizen,No,White,2018-08-06,,,Active,Sales,David Brown,3,LinkedIn,PIP,2.51,1,1,2025-12-31,1,7
Casey Jackson,EMP10341,1,4,1,1,3,0,70996.23,0,16,Production Technician I,CT,52249,1993-08-27,F,Single,US Citizen,Yes,White,2013-10-06,,,Active,Production,David Brown,7,Google Search,Fully Meets,3.83,3,0,2019-06-11,4,10
Rowan Jackson,EMP10342,0,5,1,1,3,0,39836.83,0,11,Production Technician I,NY,61118,1968-02-19,F,Single,US Citizen,No,White,2014-10-03,,,Active,Production,Emily White,8,Employee Referral,Fully Meets,2.4,5,1,2019-12-15,2,6
Jamie Moore,EMP10343,1,4,5,1,1,0,76296.64,1,8,Production Technician II,MA,65736,1976-02-06,F,Single,US Citizen,No,Black or African American,2012-12-01,2023-02-03,Better Opportunity,Terminated,Production,Emily White,7,Employee Referral,PIP,3.14,1,1,2025-12-31,0,4
Blake Thompson,EMP10344,0,1,1,2,2,0,73616.95,0,10,Database Administrator,MA,66447,1995-11-28,M,Divorced,US Citizen,No,White,2023-03-31,,,Active,IT/IS,Jennifer Davis,4,CareerBuilder,Partially Meets,3.84,4,2,2025-12-31,2,5
Parker White,EMP10345,0,4,1,1,3,1,35556.34,0,19,Production Technician II,NY,31896,1996-04-07,F,Single,US Citizen,No,Asian,2017-02-27,,,Active,Production,Daniel Jackson,1,Employee Referral,Fully Meets,4.17,4,1,2025-12-31,2,4
Taylor Lewis,EMP10346,0,1,5,4,3,0,66208.18,1,18,Human Resources,NY,86295,1978-03-04,F,Single,Eligible NonCitizen,No,Black or African American,2024-10-13,2025-09-21,Better Opportunity,Terminated,Admin Offices,Robert Wilson,8,Website,Fully Meets,4.67,5,1,2025-12-31,1,4
Riley Taylor,EMP10347,0,4,5,1,3,0,30000.0,1,6,Area Sales Manager,MA,93458,1975-07-19,M,Single,US Citizen,No,White,2021-09-25,2023-10-10,Dissatisfaction,Terminated,Production,Daniel Jackson,6,Website,Fully Meets,3.88,2,0,2025-12-31,4,8
Parker Martin,EMP10348,0,2,1,2,3,0,109756.4,0,15,Database Administrator,NJ,24272,1984-11-10,M,Divorced,US Citizen,No,Black or African American,2023-12-04,,,Active,IT/IS,Sarah Johnson,6,Indeed,Fully Meets,3.37,4,2,2025-12-31,3,5
Sam Lewis,EMP10349,0,5,1,1,3,0,58804.3,0,5,Production Technician II,NY,14021,1969-03-28,F,Divorced,US Citizen,No,White,2012-05-13,,,Active,Production,Robert Wilson,3,LinkedIn,Fully Meets,2.71,4,0,2025-01-23,3,8
Drew Robinson,EMP10350,0,4,1,1,3,0,69971.52,0,6,Production Technician I,NY,13168,1996-02-22,M,Single,US Citizen,No,Asian,2013-11-25,,,Active,Production,,4,Indeed,Fully Meets,2.93,1,1,2023-05-31,3,4
Jordan Lewis,EMP10351,0,4,1,1,3,0,66573.56,0,3,Production Technician II,MA,53284,1981-09-04,F,Single,US Citizen,Yes,Hispanic,2017-05-16,,,Active,Production,Daniel Jackson,8,CareerBuilder,Fully Meets,3.65,4,2,2024-04-29,1,8
Morgan Garcia,EMP10352,0,1,5,1,2,0,33361.66,1,2,Production Manager,NY,30236,2000-01-26,F,Married,US Citizen,No,White,2015-12-27,2024-07-28,End of Contract,Terminated,Production,David Brown,2,Indeed,Partially Meets,2.96,4,0,2025-12-31,4,6
Logan Lewis,EMP10353,0,5,1,4,3,0,67092.06,0,19,Human Resources,PA,52993,1962-08-20,M,Single,US Citizen,No,White,2010-07-20,,,Active,Admin Offices,Emily White,2,Employee Referral,Fully Meets,4.43,3,3,2013-07-11,5,6
Riley Garcia,EMP10354,0,4,1,5,3,0,73523.89,0,17,Senior Software Engineer,RI,57505,1991-07-09,F,Divorced,Eligible NonCitizen,No,White,2019-12-16,,,Active,Software Engineering,Michael Smith,3,Indeed,Fully Meets,3.78,4,3,2025-08-18,5,6
Riley Jackson,EMP10355,0,1,1,5,3,1,56650.67,0,9,Software Engineering Manager,MA,95689,2000-12-29,F,Married,US Citizen,No,Hispanic,2022-11-11,,,Active,Software Engineering,David Brown,2,LinkedIn,Fully Meets,3.32,2,0,2025-05-17,3,6
Skyler Harris,EMP10356,0,2,1,1,3,0,30000.0,0,17,Production Technician II,MA,63806,1964-12-26,M,Married,US Citizen,No,American Indian or Alaska Native,2018-11-20,,,Active,Production,James Anderson,10,LinkedIn,Fully Meets,2.63,4,1,2025-12-31,2,6
Jamie Robinson,EMP10357,0,2,1,1,3,1,31181.14,0,5,Area Sales Manager,CT,58052,1976-04-04,M,Divorced,Eligible NonCitizen,No,White,2016-05-20,,,Active,Production,Michael Smith,7,LinkedIn,Fully Meets,2.58,4,3,2025-05-06,0,3
Quinn Jackson,EMP10358,1,2,1,1,2,0,38231.49,0,5,Production Technician II,NH,12861,1981-03-25,F,Divorced,Eligible NonCitizen,No,White,2014-01-23,,,Active,Production,David Brown,2,Diversity Job Fair,Partially Meets,3.59,5,1,2024-06-21,3,9
Sam Martinez,EMP10359,1,2,1,1,3,0,40721.09,0,8,Production Technician I,MA,94712,1986-05-17,F,Married,US Citizen,No,White,2017-10-01,,,Active,Production,David Brown,2,LinkedIn,Fully Meets,4.83,3,2,2023-10-18,0,1
Taylor Anderson,EMP10360,0,2,1,1,3,0,30000.0,0,8,Production Manager,MA,99317,1999-07-04,F,Single,Eligible NonCitizen,No,White,2015-12-09,,,Active,Production,James Anderson,3,LinkedIn,Fully Meets,2.08,3,1,2019-05-29,3,1
Avery Lewis,EMP10361,0,2,1,5,3,0,34953.07,0,20,Software Engineering Manager,NY,86862,1966-08-18,M,Married,US Citizen,No,Black or African American,2020-07-15,,,Active,Software Engineering,Emily White,9,LinkedIn,Fully Meets,2.88,4,1,2022-08-08,2,5
Blake Smith,EMP10362,0,1,1,1,3,0,60400.07,0,7,Production Manager,NY,24644,1970-09-27,F,Married,US Citizen,No,White,2017-05-22,,,Active,Production,Jennifer Davis,1,Indeed,Fully Meets,3.52,3,2,2018-01-05,2,6
Taylor Martinez,EMP10363,0,4,1,5,3,1,66773.23,0,13,Software Engineer,NY,76110,1996-04-05,F,Separated,US Citizen,No,White,2020-11-19,,,Active,Software Engineering,Lisa Miller,7,LinkedIn,Fully Meets,2.76,3,0,2025-12-31,2,5
Casey White,EMP10364,0,2,1,3,3,0,70176.4,0,19,Sales Manager,NY,60136,1978-04-30,F,Married,US Citizen,Yes,White,2012-01-12,,,Active,Sales,Michael Smith,8,Google Search,Fully Meets,4.14,4,1,2017-03-30,4,4
Casey Brown,EMP10365,0,5,1,1,3,0,50647.86,0,3,Area Sales Manager,NY,44892,1995-03-22,F,Divorced,US Citizen,No,White,2011-01-10,,,Active,Production,Jennifer Davis,2,Google Search,Fully Meets,2.91,5,0,2022-09-13,2,9
Reese Robinson,EMP10366,1,4,5,1,3,0,57650.48,1,7,Production Technician I,MA,23590,1962-07-12,F,Divorced,US Citizen,No,Black or African American,2014-01-31,2015-01-07,Relocation,Terminated,Production,David Brown,1,Indeed,Fully Meets,3.2,5,0,2022-03-17,1,5
Skyler Thomas,EMP10367,0,3,1,3,2,0,75345.52,0,6,Sales Representative,PA,10202,1974-10-11,F,Married,US Citizen,No,White,2014-01-28,,,Active,Sales,James Anderson,10,LinkedIn,Partially Meets,4.29,4,1,2015-03-04,1,8
Reese Martin,EMP10368,0,1,1,2,2,0,123958.56,0,1,Network Engineer,CT,59935,1999-09-19,M,Divorced,US Citizen,No,White,2022-07-13,,,Active,IT/IS,David Brown,6,Employee Referral,Partially Meets,4.04,2,1,2025-12-31,4,10
Emerson Martin,EMP10369,0,3,1,1,1,0,101254.76,0,18,Production Technician II,NY,56267,1964-06-29,F,Married,US Citizen,No,White,2010-02-19,,,Active,Production,Michael Smith,3,Employee Referral,PIP,4.5,4,1,2020-01-13,4,3
Rowan Garcia,EMP10370,0,3,1,2,3,0,98235.49,0,4,IT Manager,PA,68702,1978-05-22,F,Married,US Citizen,No,Hispanic,2016-10-21,,,Active,IT/IS,Robert Wilson,2,Indeed,Fully Meets,3.14,2,2,2025-12-31,10,9
Avery Harris,EMP10371,0,4,1,1,3,0,73489.49,0,7,Production Manager,NH,66295,1969-06-12,F,Single,Eligible NonCitizen,No,Asian,2013-06-15,,,Active,Production,James Anderson,10,Other,Fully Meets,4.02,2,4,2023-06-10,2,5
Blake Robinson,EMP10372,0,1,1,3,3,1,30000.0,0,9,Sales Representative,CT,31499,1994-07-07,M,Married,US Citizen,No,White,2012-05-04,,,Active,Sales,Sarah Johnson,5,Indeed,Fully Meets,3.26,1,1,2016-01-27,2,6
Drew Harris,EMP10373,1,1,1,1,3,0,78541.98,0,11,Production Technician II,MA,51363,1996-09-01,F,Divorced,Eligible NonCitizen,No,White,2010-11-30,,,Active,Production,Daniel Jackson,7,LinkedIn,Fully Meets,2.68,1,5,2020-02-10,3,12
Taylor Jackson,EMP10374,0,2,1,3,3,0,79809.33,0,1,Area Sales Manager,MA,99526,1985-05-28,M,Single,US Citizen,Yes,White,2018-02-06,,,Active,Sales,Lisa Miller,8,Diversity Job Fair,Fully Meets,3.88,5,2,2025-12-31,1,5
Avery Garcia,EMP10375,0,5,5,1,3,0,49657.35,1,11,Production Manager,MA,97014,1965-03-17,F,Single,US Citizen,No,White,2021-03-11,2025-06-20,Better Opportunity,Terminated,Production,James Anderson,2,CareerBuilder,Fully Meets,2.82,2,1,2025-12-31,4,7
Logan Thompson,EMP10376,1,4,5,3,3,0,84338.92,1,12,Sales Representative,NJ,46583,1983-01-30,M,Separated,US Citizen,No,White,2023-05-28,2025-06-26,Dissatisfaction,Terminated,Sales,Patricia Thomas,4,Indeed,Fully Meets,3.16,2,2,2025-12-31,2,7
Blake Thomas,EMP10377,0,1,1,2,2,0,65159.96,0,20,IT Support,MA,40076,1989-02-20,F,Married,US Citizen,No,White,2022-05-04,,,Active,IT/IS,Robert Wilson,4,Other,Partially Meets,2.69,4,2,2025-12-31,4,7
Sam Anderson,EMP10378,0,4,1,1,1,0,74602.59,0,6,Area Sales Manager,PA,67376,1973-06-07,M,Married,US Citizen,No,White,2019-11-25,,,Active,Production,Lisa Miller,9,Employee Referral,PIP,2.29,3,1,2025-12-31,2,7
Morgan Wilson,EMP10379,0,1,5,1,1,0,33922.66,1,16,Production Technician I,NJ,97721,1976-04-23,F,Single,US Citizen,No,Black or African American,2014-08-19,2021-08-21,Better Opportunity,Terminated,Production,Daniel Jackson,8,Indeed,PIP,5.0,4,1,2014-10-02,1,3
Avery Brown,EMP10380,1,5,1,4,3,0,37201.38,0,12,Human Resources,MA,41309,1981-10-12,M,Married,US Citizen,Yes,White,2012-08-25,,,Active,Admin Offices,Robert Wilson,2,Website,Fully Meets,3.54,5,0,2014-12-03,3,7
Drew Garcia,EMP10381,0,5,1,5,3,0,55569.76,0,13,Software Engineering Manager,PA,90134,1973-01-12,M,Single,US Citizen,Yes,White,2014-06-16,,,Active,Software Engineering,Emily White,9,Indeed,Fully Meets,3.18,3,1,2019-10-01,0,6
Avery Martin,EMP10382,1,1,1,4,3,0,71331.05,0,2,Human Resources,MA,69766,1984-01-29,F,Single,US Citizen,No,Black or African American,2023-02-21,,,Active,Admin Offices,Robert Wilson,7,LinkedIn,Fully Meets,3.72,3,0,2025-12-31,3,5
Harper Smith,EMP10383,0,3,1,1,3,0,75886.92,0,9,Production Technician I,RI,48046,1995-07-03,M,Married,Eligible NonCitizen,No,Asian,2017-01-08,,,Active,Production,Jennifer Davis,6,Indeed,Fully Meets,1.84,3,0,2024-04-01,2,2
Riley Miller,EMP10384,0,4,1,2,3,0,53420.84,0,17,Network Engineer,MA,79289,1961-09-10,M,Married,US Citizen,No,Asian,2013-02-14,,,Active,IT/IS,Daniel Jackson,1,Indeed,Fully Meets,3.04,1,0,2022-01-10,0,5
Quinn Martinez,EMP10385,0,1,5,2,3,0,75848.11,1,6,Database Administrator,MA,32654,1984-05-11,M,Married,US Citizen,No,White,2021-05-05,2021-09-15,Better Opportunity,Terminated,IT/IS,David Brown,8,Employee Referral,Fully Meets,2.39,3,1,2025-12-31,2,6
Jordan Miller,EMP10386,0,3,1,2,1,0,58190.11,0,14,Database Administrator,MA,64334,1993-07-19,F,Divorced,US Citizen,No,White,2020-06-27,,,Active,IT/IS,Lisa Miller,6,CareerBuilder,PIP,4.1,4,4,2025-12-31,5,5
Cameron Martinez,EMP10387,0,2,1,1,2,0,53928.04,0,19,Production Technician I,MA,42721,1970-02-23,F,Separated,US Citizen,No,White,2019-04-29,,,Active,Production,Daniel Jackson,1,Website,Partially Meets,3.84,5,2,2025-12-31,3,7
Sam Harris,EMP10388,0,1,1,2,3,0,70459.76,0,10,IT Support,MA,17972,1978-10-02,F,Single,US Citizen,Yes,White,2011-10-30,,,Active,IT/IS,Daniel Jackson,5,Other,Fully Meets,3.39,5,0,2023-06-09,1,5
Rowan Smith,EMP10389,0,2,1,5,3,0,46994.95,0,18,Software Engineer,CT,64782,1972-09-06,M,Married,US Citizen,No,Two or More Races,2020-08-14,,,Active,Software Engineering,Patricia Thomas,8,LinkedIn,Fully Meets,3.45,2,2,2025-12-31,2,6
Sam Lewis,EMP10390,0,4,1,1,3,0,31370.62,0,12,Production Technician I,MA,12790,1978-04-01,M,Single,US Citizen,No,White,2020-08-14,,,Active,Production,Robert Wilson,4,LinkedIn,Fully Meets,2.83,4,1,2022-03-30,2,3
Taylor Harris,EMP10391,0,5,1,1,2,1,82868.68,0,11,Area Sales Manager,MA,80152,1971-06-21,F,Single,US Citizen,No,White,2019-05-22,,,Active,Production,Sarah Johnson,1,Google Search,Partially Meets,4.03,3,2,2025-12-31,4,0
Quinn Thompson,EMP10392,0,2,5,1,2,0,91520.74,1,5,Area Sales Manager,CT,79331,1999-06-04,F,Separated,US Citizen,No,White,2015-02-06,2024-03-11,Attendance,Terminated,Production,Patricia Thomas,10,Other,Partially Meets,3.74,3,2,2025-12-31,3,1
Sam Davis,EMP10393,1,4,1,4,2,0,44377.52,0,6,Administrative Assistant,MA,27312,1982-05-13,F,Single,US Citizen,No,Black or African American,2012-06-27,,,Active,Admin Offices,David Brown,5,Website,Partially Meets,3.66,3,1,2023-10-14,3,3
Morgan Moore,EMP10394,0,2,1,2,3,0,96056.5,0,3,IT Support,MA,87571,1983-09-24,F,Single,US Citizen,No,White,2010-11-27,,,Active,IT/IS,Patricia Thomas,8,Website,Fully Meets,3.2,4,1,2023-06-28,3,14
Harper Moore,EMP10395,1,1,1,3,3,1,30000.0,0,7,Sales Manager,CT,35625,1999-06-08,F,Divorced,US Citizen,No,Black or African American,2013-09-09,,,Active,Sales,Robert Wilson,7,Indeed,Fully Meets,3.09,5,0,2025-12-31,2,0
Casey Miller,EMP10396,1,2,1,1,2,0,70645.02,0,7,Area Sales Manager,MA,36110,1972-12-19,M,Married,US Citizen,No,White,2010-03-11,,,Active,Production,Lisa Miller,6,Indeed,Partially Meets,3.73,3,3,2014-07-13,3,4
Jordan Moore,EMP10397,0,5,1,5,3,0,91329.59,0,12,Software Engineering Manager,MA,78317,1963-04-19,M,Single,US Citizen,No,White,2011-10-06,,,Active,Software Engineering,Daniel Jackson,4,Diversity Job Fair,Fully Meets,3.1,5,0,2013-06-14,1,3
Taylor Miller,EMP10398,0,3,1,1,3,0,48397.61,0,9,Production Technician II,MA,80734,1991-02-05,F,Separated,Eligible NonCitizen,Yes,White,2017-03-01,,,Active,Production,Robert Wilson,8,Indeed,Fully Meets,3.58,5,2,2025-12-31,3,4
Morgan Smith,EMP10399,0,2,5,1,3,1,59255.74,1,7,Production Manager,RI,40663,1971-01-06,M,Divorced,Eligible NonCitizen,Yes,White,2013-12-08,2022-11-15,End of Contract,Terminated,Production,David Brown,7,LinkedIn,Fully Meets,4.67,1,2,2025-12-31,1,1
Jordan Thomas,EMP10400,0,3,1,5,3,0,51372.88,0,20,Software Engineering Manager,MA,36998,1997-09-08,F,Married,US Citizen,Yes,White,2010-08-04,,,Active,Software Engineering,Robert Wilson,7,Diversity Job Fair,Fully Meets,3.17,1,2,2020-08-27,4,4
Blake Davis,EMP10401,0,4,5,5,3,0,73359.32,1,4,Senior Software Engineer,CT,84045,1997-05-24,M,Single,US Citizen,No,White,2010-10-19,2014-12-20,Performance,Terminated,Software Engineering,David Brown,8,CareerBuilder,Fully Meets,2.83,1,1,2023-08-13,3,6
Harper Jackson,EMP10402,0,1,1,3,3,0,34530.33,0,2,Area Sales Manager,CT,57354,1997-05-23,F,Single,US Citizen,No,White,2013-01-08,,,Active,Sales,James Anderson,4,Employee Referral,Fully Meets,3.04,5,3,2020-02-16,2,12
Cameron Smith,EMP10403,0,2,1,2,3,1,56643.13,0,17,Network Engineer,NY,52156,1960-09-05,M,Single,US Citizen,No,Hispanic,2010-11-11,,,Active,IT/IS,,9,Indeed,Fully Meets,2.9,1,2,2019-10-03,2,8
Quinn Garcia,EMP10404,0,4,1,1,1,0,53666.85,0,16,Area Sales Manager,CT,87464,1985-11-10,M,Separated,US Citizen,No,Black or African American,2010-02-27,,,Active,Production,Robert Wilson,8,Google Search,PIP,5.0,5,1,2020-12-17,4,5
Blake Moore,EMP10405,0,4,1,3,3,0,33887.29,0,12,Sales Representative,RI,83309,1964-12-07,F,Married,US Citizen,No,White,2012-08-27,,,Active,Sales,Robert Wilson,4,Indeed,Fully Meets,4.85,4,1,2021-07-09,4,3
Drew Wilson,EMP10406,1,5,1,1,3,0,64394.52,0,7,Production Technician II,MA,10449,1960-08-17,F,Married,US Citizen,No,Asian,2016-04-06,,,Active,Production,Sarah Johnson,8,Diversity Job Fair,Fully Meets,3.13,2,5,2024-10-19,3,5
Harper Garcia,EMP10407,0,3,1,1,4,0,53032.03,0,5,Area Sales Manager,PA,19684,2000-07-26,M,Married,US Citizen,No,White,2016-04-27,,,Active,Production,Patricia Thomas,7,Google Search,Exceeds,4.13,5,1,2017-06-16,2,7
Skyler Davis,EMP10408,1,2,1,1,2,0,75440.01,0,13,Production Technician I,CT,62978,1969-04-09,M,Separated,US Citizen,No,Black or African American,2016-12-23,,,Active,Production,Patricia Thomas,8,Indeed,Partially Meets,3.22,5,2,2017-08-08,1,7
Alex Davis,EMP10409,1,2,1,6,3,0,77341.3,0,19,Executive Assistant,RI,44914,1987-10-13,M,Divorced,US Citizen,No,Asian,2020-09-27,,,Active,Executive Office,Lisa Miller,7,Indeed,Fully Meets,3.19,3,1,2021-11-26,3,6
Morgan Anderson,EMP10410,0,2,1,1,3,1,58479.17,0,8,Production Manager,NH,47224,1973-07-22,M,Divorced,US Citizen,No,Two or More Races,2017-03-10,,,Active,Production,Lisa Miller,9,CareerBuilder,Fully Meets,2.65,5,3,2023-02-26,2,3
Drew Anderson,EMP10411,1,1,1,5,2,0,35312.51,0,14,Senior Software Engineer,NH,43761,1995-05-25,M,Single,US Citizen,No,White,2012-11-26,,,Active,Software Engineering,Sarah Johnson,3,LinkedIn,Partially Meets,4.2,5,3,2022-12-17,3,0
Quinn Miller,EMP10412,0,2,1,3,4,0,46646.76,0,17,Sales Representative,NJ,65095,1976-03-01,M,Single,US Citizen,No,White,2021-03-23,,,Active,Sales,Robert Wilson,3,LinkedIn,Exceeds,3.66,2,0,2025-12-31,2,4
Jamie White,EMP10413,0,3,1,3,2,0,78642.25,0,7,Area Sales Manager,MA,20492,1982-09-21,F,Married,US Citizen,No,Black or African American,2015-04-02,,,Active,Sales,Lisa Miller,10,CareerBuilder,Partially Meets,3.38,2,1,2025-12-31,2,6
Emerson Miller,EMP10414,1,1,1,1,3,0,40585.26,0,18,Production Technician I,MA,98316,1970-04-21,F,Single,US Citizen,No,White,2020-06-24,,,Active,Production,James Anderson,6,Google Search,Fully Meets,3.31,4,0,2020-10-16,2,6
Cameron White,EMP10415,0,3,1,5,3,0,53597.85,0,5,Software Engineer,CT,74545,1989-05-08,F,Married,US Citizen,No,White,2024-04-25,,,Active,Software Engineering,Lisa Miller,3,LinkedIn,Fully Meets,5.0,4,3,2025-12-31,1,2
Cameron Moore,EMP10416,0,2,5,1,2,0,67162.55,1,10,Area Sales Manager,NJ,57768,1973-02-01,F,Married,US Citizen,No,White,2010-11-26,2014-01-23,Relocation,Terminated,Production,Jennifer Davis,1,Employee Referral,Partially Meets,2.38,5,0,2017-07-29,3,4
Blake Harris,EMP10417,1,1,1,4,3,0,92050.44,0,14,Office Manager,NY,90207,1991-02-09,F,Single,US Citizen,No,White,2015-04-01,,,Active,Admin Offices,Patricia Thomas,7,Indeed,Fully Meets,3.56,2,0,2023-09-30,3,8
Taylor Taylor,EMP10418,0,1,1,1,2,0,96430.07,0,4,Production Technician II,MA,37980,1991-01-17,F,Single,US Citizen,No,White,2017-03-08,,,Active,Production,Emily White,3,Employee Referral,Partially Meets,3.97,5,2,2025-12-31,4,3
Parker Taylor,EMP10419,0,1,1,1,1,0,103708.86,0,17,Production Technician II,MA,19519,1971-12-21,M,Married,US Citizen,No,White,2011-08-01,,,Active,Production,Daniel Jackson,2,Employee Referral,PIP,3.53,5,4,2025-04-03,1,4
Quinn Thomas,EMP10420,0,5,1,4,4,0,38632.99,0,4,Office Manager,CT,84187,1962-02-24,F,Single,US Citizen,No,Asian,2018-12-24,,,Active,Admin Offices,Emily White,2,CareerBuilder,Exceeds,3.7,4,0,2025-12-31,0,7
Casey Anderson,EMP10421,0,2,1,2,3,0,71945.18,0,2,IT Manager,CT,24985,1999-04-12,F,Divorced,US Citizen,No,Two or More Races,2019-03-25,,,Active,IT/IS,Jennifer Davis,7,Indeed,Fully Meets,4.18,1,0,2025-12-31,1,9
Parker Thomas,EMP10422,0,3,5,4,1,0,66697.66,1,10,Office Manager,CT,42410,1960-08-01,F,Single,US Citizen,No,Black or African American,2024-10-10,2025-08-02,Better Opportunity,Terminated,Admin Offices,Robert Wilson,6,Diversity Job Fair,PIP,3.19,3,1,2025-07-25,2,3
Logan Smith,EMP10423,1,1,1,3,3,0,66916.66,0,4,Sales Manager,NY,86704,1962-06-13,M,Married,US Citizen,No,Black or African American,2021-03-15,,,Active,Sales,Daniel Jackson,3,LinkedIn,Fully Meets,3.5,3,2,2025-12-31,1,3
Sam Wilson,EMP10424,1,5,1,1,3,0,73747.27,0,6,Production Technician I,PA,97894,1998-08-05,M,Single,US Citizen,No,Black or African American,2014-11-24,,,Active,Production,David Brown,7,CareerBuilder,Fully Meets,2.96,5,4,2018-12-27,3,10
Jordan White,EMP10425,0,1,1,1,2,0,83164.77,0,12,Area Sales Manager,NY,41042,1998-09-27,F,Married,US Citizen,No,Two or More Races,2020-03-27,,,Active,Production,James Anderson,4,Indeed,Partially Meets,3.22,4,2,2021-08-27,4,5
Jordan Harris,EMP10426,0,3,1,1,3,1,64139.4,0,16,Area Sales Manager,RI,34872,1994-07-09,F,Married,US Citizen,No,White,2013-05-26,,,Active,Production,Patricia Thomas,7,Employee Referral,Fully Meets,3.09,3,0,2025-12-31,1,0
Skyler Anderson,EMP10427,1,1,1,2,3,0,39331.63,0,15,IT Manager,NY,47136,1972-03-30,F,Single,US Citizen,No,White,2016-11-04,,,Active,IT/IS,Emily White,4,Indeed,Fully Meets,2.47,3,1,2017-10-31,3,3
Jordan Harris,EMP10428,0,1,1,4,3,0,56677.71,0,3,Office Manager,NJ,91038,1994-03-13,F,Married,US Citizen,No,American Indian or Alaska Native,2019-06-26,,,Active,Admin Offices,Michael Smith,7,Diversity Job Fair,Fully Meets,3.26,5,1,2022-12-18,3,4
Sam Moore,EMP10429,1,5,1,5,3,0,49329.0,0,3,Software Engineering Manager,CT,60035,1976-10-06,M,Married,US Citizen,No,White,2014-10-18,,,Active,Software Engineering,James Anderson,2,Employee Referral,Fully Meets,2.13,3,3,2018-08-12,3,2
Reese Johnson,EMP10430,0,3,1,1,2,0,71926.61,0,12,Production Manager,NY,27607,1962-04-24,M,Single,US Citizen,No,Hispanic,2014-04-20,,,Active,Production,Jennifer Davis,8,Website,Partially Meets,3.3,3,0,2016-07-14,5,3
Avery Wilson,EMP10431,0,4,1,1,2,0,74484.96,0,9,Production Manager,MA,19453,1981-10-24,F,Single,US Citizen,No,White,2019-02-10,,,Active,Production,Emily White,6,Employee Referral,Partially Meets,2.98,5,4,2025-12-31,2,8
Harper Miller,EMP10432,0,1,1,1,2,0,73293.81,0,18,Production Technician II,NH,21134,1998-03-22,F,Single,US Citizen,Yes,White,2022-05-18,,,Active,Production,Michael Smith,9,Website,Partially Meets,2.77,2,1,2025-12-31,3,6
Harper Harris,EMP10433,0,3,1,6,3,0,56410.49,0,18,Executive Assistant,MA,41702,2000-11-21,M,Single,Eligible NonCitizen,No,White,2020-12-05,,,Active,Executive Office,Sarah Johnson,3,Website,Fully Meets,2.17,2,1,2022-11-04,2,5
Rowan Smith,EMP10434,0,2,1,3,3,1,34573.58,0,12,Sales Representative,NY,92851,1995-09-30,F,Single,US Citizen,No,Black or African American,2011-12-12,,,Active,Sales,Lisa Miller,1,Google Search,Fully Meets,4.08,2,0,2017-07-11,3,9
Jamie Lewis,EMP10435,0,3,1,1,2,0,30000.0,0,1,Production Manager,MA,21542,1970-04-14,F,Married,US Citizen,No,Asian,2012-08-26,,,Active,Production,James Anderson,7,Indeed,Partially Meets,3.79,4,4,2020-07-07,4,2
Jamie Wilson,EMP10436,0,1,1,3,3,0,58799.03,0,5,Area Sales Manager,RI,56829,1991-03-14,M,Separated,US Citizen,No,Two or More Races,2023-11-29,,,Active,Sales,Robert Wilson,7,Employee Referral,Fully Meets,4.52,1,1,2025-12-31,4,3
Blake Davis,EMP10437,1,2,1,1,4,0,40016.93,0,18,Production Technician I,CT,63209,1977-04-01,M,Single,US Citizen,No,White,2023-02-27,,,Active,Production,Lisa Miller,9,Employee Referral,Exceeds,3.19,4,0,2025-12-31,2,7
Parker Smith,EMP10438,1,3,1,3,3,0,55348.52,0,8,Sales Manager,MA,66596,1965-02-05,F,Separated,US Citizen,No,White,2020-02-16,,,Active,Sales,Michael Smith,4,LinkedIn,Fully Meets,4.49,1,0,2025-12-31,3,2
Jamie Harris,EMP10439,1,2,1,1,2,0,41047.83,0,1,Production Technician I,NH,49766,1967-08-20,M,Married,US Citizen,Yes,White,2012-06-15,,,Active,Production,Lisa Miller,2,LinkedIn,Partially Meets,3.25,4,1,2019-08-26,3,10
Jordan Lewis,EMP10440,0,5,1,2,2,0,74440.86,0,8,Network Engineer,MA,79976,1980-09-03,F,Single,US Citizen,No,White,2022-06-15,,,Active,IT/IS,Emily White,8,Indeed,Partially Meets,1.89,1,0,2025-12-31,0,4
Reese Miller,EMP10441,1,5,1,1,3,0,59458.75,0,5,Production Technician I,NY,53151,1993-11-08,F,Single,US Citizen,No,White,2023-07-21,,,Active,Production,Jennifer Davis,5,Other,Fully Meets,3.79,5,1,2025-12-31,3,7
Logan Taylor,EMP10442,1,3,1,1,3,0,96552.7,0,2,Area Sales Manager,NJ,24929,1972-07-20,F,Divorced,US Citizen,No,Asian,2016-04-02,,,Active,Production,Lisa Miller,4,Indeed,Fully Meets,2.64,4,2,2024-05-02,2,4
Jordan Lewis,EMP10443,1,3,1,1,3,0,119710.39,0,20,Production Technician I,CT,83657,1995-12-27,F,Married,US Citizen,No,White,2019-02-15,,,Active,Production,Sarah Johnson,1,Website,Fully Meets,3.57,4,0,2024-11-02,1,5
Reese Taylor,EMP10444,1,2,1,5,2,0,45948.12,0,13,Software Engineer,CT,47921,1964-11-12,M,Divorced,US Citizen,Yes,White,2014-02-22,,,Active,Software Engineering,Sarah Johnson,5,Website,Partially Meets,4.69,1,1,2019-12-11,2,3
Cameron Johnson,EMP10445,0,1,1,1,3,0,47513.95,0,6,Production Technician I,NY,79898,1990-02-12,M,Married,US Citizen,No,White,2018-08-02,,,Active,Production,Robert Wilson,4,CareerBuilder,Fully Meets,3.41,3,1,2025-12-31,0,4
Cameron Anderson,EMP10446,0,2,1,1,2,0,80018.27,0,8,Area Sales Manager,CT,37327,1981-03-28,F,Single,US Citizen,No,Black or African American,2019-09-12,,,Active,Production,Lisa Miller,5,LinkedIn,Partially Meets,4.89,3,3,2022-10-24,3,6
Emerson Anderson,EMP10447,0,2,5,2,2,0,129603.42,1,11,Network Engineer,NY,62043,1973-04-29,M,Married,US Citizen,Yes,White,2019-01-04,2024-10-15,Better Opportunity,Terminated,IT/IS,Daniel Jackson,6,Google Search,Partially Meets,2.36,4,0,2019-07-30,1,6
Riley Davis,EMP10448,0,4,1,2,3,0,30465.15,0,15,IT Support,NJ,64315,1976-12-01,F,Married,US Citizen,No,White,2017-04-26,,,Active,IT/IS,Robert Wilson,3,Website,Fully Meets,3.88,4,5,2025-12-31,4,9
Taylor Davis,EMP10449,0,3,1,1,3,1,60259.93,0,9,Production Manager,MA,43974,1963-09-29,M,Married,US Citizen,No,White,2012-11-22,,,Active,Production,Patricia Thomas,5,CareerBuilder,Fully Meets,2.87,3,0,2013-08-29,7,4
Emerson Anderson,EMP10450,0,2,1,1,2,0,142824.77,0,20,Area Sales Manager,NY,66827,1984-09-08,M,Married,US Citizen,No,White,2013-12-22,,,Active,Production,Jennifer Davis,10,CareerBuilder,Partially Meets,3.84,5,3,,3,6
Logan White,EMP10451,0,3,1,1,3,0,58083.92,0,3,Production Technician I,NH,86518,1997-06-17,F,Single,US Citizen,Yes,Black or African American,2013-02-14,,,Active,Production,Patricia Thomas,6,Google Search,Fully Meets,3.26,3,2,2013-06-23,2,5
Cameron White,EMP10452,0,5,1,2,2,0,93623.45,0,1,Network Engineer,MA,91967,2000-12-09,F,Single,US Citizen,No,Asian,2017-01-03,,,Active,IT/IS,James Anderson,8,Indeed,Partially Meets,2.96,4,3,2025-12-31,2,9
Casey Moore,EMP10453,0,4,1,2,3,0,31061.01,0,5,IT Support,CT,82016,1981-09-05,F,Single,US Citizen,No,White,2017-12-27,,,Active,IT/IS,Emily White,3,Website,Fully Meets,4.38,3,1,2022-12-19,4,6
Jamie Taylor,EMP10454,1,1,1,1,3,0,89850.95,0,1,Production Technician I,RI,56163,1978-10-26,F,Widowed,US Citizen,No,Asian,2017-04-03,,,Active,Production,Patricia Thomas,9,Diversity Job Fair,Fully Meets,3.46,4,2,2023-09-17,3,9
Skyler Miller,EMP10455,1,4,1,1,4,0,42795.85,0,4,Area Sales Manager,RI,49000,1963-10-29,F,Divorced,US Citizen,No,White,2010-09-19,,,Active,Production,Patricia Thomas,5,Website,Exceeds,4.41,4,2,2017-01-20,0,10
Jordan Davis,EMP10456,0,5,1,1,4,0,47398.57,0,17,Production Technician I,NY,66650,1998-03-18,M,Married,US Citizen,No,Two or More Races,2012-02-18,,,Active,Production,Patricia Thomas,1,LinkedIn,Exceeds,4.36,3,1,2022-10-07,1,11
Cameron Thomas,EMP10457,0,2,1,2,2,0,36581.45,0,9,IT Manager,MA,44774,1964-09-23,F,Married,US Citizen,No,White,2024-12-14,,,Active,IT/IS,Daniel Jackson,8,CareerBuilder,Partially Meets,2.43,4,3,2025-12-31,1,4
Jamie Thompson,EMP10458,0,5,1,1,4,0,69704.82,0,17,Area Sales Manager,MA,71757,1977-10-13,M,Single,US Citizen,No,White,2016-04-08,,,Active,Production,James Anderson,7,Employee Referral,Exceeds,2.64,5,1,2019-05-14,1,6
Cameron Thomas,EMP10459,0,1,1,1,2,0,36471.18,0,17,Area Sales Manager,MA,48689,1999-07-17,F,Single,US Citizen,No,Hispanic,2011-12-23,,,Active,Production,Daniel Jackson,8,LinkedIn,Partially Meets,3.83,2,1,2015-04-28,3,6
Skyler Smith,EMP10460,0,4,1,4,3,0,50605.34,0,19,Office Manager,MA,35938,1971-11-09,M,Separated,US Citizen,Yes,Black or African American,2021-09-11,,,Active,Admin Offices,Emily White,3,Diversity Job Fair,Fully Meets,2.99,4,2,2025-12-31,3,6
Reese Jackson,EMP10461,0,5,5,2,4,0,78721.05,1,6,Network Engineer,RI,43890,1980-11-19,M,Single,US Citizen,No,White,2020-04-12,2023-01-03,End of Contract,Terminated,IT/IS,Michael Smith,2,Google Search,Exceeds,3.68,4,2,2025-12-31,2,9
Jordan Martinez,EMP10462,1,3,1,4,2,0,39234.55,0,19,Human Resources,MA,29378,1966-05-24,F,Married,US Citizen,No,White,2022-11-02,,,Active,Admin Offices,Lisa Miller,10,LinkedIn,Partially Meets,2.68,5,0,2025-12-31,0,5
Skyler Moore,EMP10463,0,5,1,4,3,1,112397.29,0,20,Office Manager,MA,22021,1994-10-29,M,Single,US Citizen,No,White,2018-01-18,,,Active,Admin Offices,Patricia Thomas,10,Google Search,Fully Meets,2.93,4,2,2025-12-31,2,8
Drew Brown,EMP10464,0,4,1,6,1,0,46108.63,0,12,Executive Assistant,MA,12364,1963-09-30,M,Married,US Citizen,No,White,2019-01-29,,,Active,Executive Office,David Brown,7,LinkedIn,PIP,3.81,4,1,2023-04-04,1,7
Logan Thomas,EMP10465,0,4,1,3,2,0,71940.08,0,6,Area Sales Manager,MA,62225,1984-05-07,F,Separated,US Citizen,No,Hispanic,2013-08-16,,,Active,Sales,James Anderson,4,LinkedIn,Partially Meets,3.39,5,1,2018-02-20,0,3
Taylor Anderson,EMP10466,1,5,1,1,4,0,58035.25,0,12,Area Sales Manager,MA,82220,1967-12-26,F,Married,US Citizen,No,White,2015-07-07,,,Active,Production,Patricia Thomas,6,Indeed,Exceeds,4.01,3,3,2025-12-31,2,10
Alex Miller,EMP10467,0,1,1,1,2,0,48505.45,0,8,Production Technician I,CT,70731,1964-07-21,F,Married,US Citizen,No,White,2014-11-27,,,Active,Production,Daniel Jackson,1,Employee Referral,Partially Meets,2.49,2,2,2019-07-10,1,2
Blake Miller,EMP10468,0,5,1,2,3,0,63359.95,0,10,IT Manager,NJ,98438,1967-01-16,M,Separated,US Citizen,Yes,White,2018-03-22,,,Active,IT/IS,Daniel Jackson,6,LinkedIn,Fully Meets,3.69,4,0,2025-12-31,2,3
Harper Garcia,EMP10469,0,3,1,4,4,0,68694.16,0,18,Human Resources,CT,98236,1978-10-25,M,Single,US Citizen,No,Asian,2022-09-12,,,Active,Admin Offices,Lisa Miller,9,LinkedIn,Exceeds,2.99,2,1,2025-12-31,0,4
Casey Robinson,EMP10470,1,4,1,4,3,0,73955.29,0,7,Administrative Assistant,RI,36361,1997-03-08,F,Married,US Citizen,No,Black or African American,2013-07-18,,,Active,Admin Offices,Emily White,7,Google Search,Fully Meets,2.74,1,3,2025-12-03,0,2
Avery Davis,EMP10471,0,3,1,1,3,0,65316.22,0,16,Production Manager,MA,84601,1970-05-10,M,Single,US Citizen,No,Hispanic,2021-02-16,,,Active,Production,Sarah Johnson,10,Other,Fully Meets,4.26,4,2,2025-12-31,3,4
Blake Anderson,EMP10472,1,3,1,3,1,0,52315.34,0,15,Sales Manager,NY,96073,1978-06-13,F,Single,US Citizen,No,White,2022-03-21,,,Active,Sales,Sarah Johnson,4,Indeed,PIP,3.1,4,2,2025-12-31,2,3
Emerson Robinson,EMP10473,1,1,1,1,3,1,75962.87,0,15,Area Sales Manager,MA,38427,1962-02-25,F,Single,US Citizen,No,White,2012-01-29,,,Active,Production,Robert Wilson,5,LinkedIn,Fully Meets,4.19,5,2,2022-11-19,2,7
Morgan Jackson,EMP10474,1,3,1,3,3,0,42363.93,0,2,Sales Manager,NY,98140,1974-02-16,M,Single,US Citizen,Yes,White,2013-08-01,,,Active,Sales,James Anderson,4,Employee Referral,Fully Meets,4.75,3,3,2014-02-17,3,3
Rowan Martin,EMP10475,0,2,1,1,2,0,90619.82,0,13,Production Technician I,MA,87853,1981-11-30,M,Single,US Citizen,No,White,2013-02-17,,,Active,Production,Patricia Thomas,1,Google Search,Partially Meets,4.2,3,3,2020-11-21,0,6
Jordan White,EMP10476,0,1,1,1,2,0,51696.28,0,12,Area Sales Manager,MA,64734,1998-08-31,F,Married,US Citizen,No,White,2010-03-18,,,Active,Production,Robert Wilson,3,Diversity Job Fair,Partially Meets,3.03,3,1,2016-10-06,6,1
Harper Martinez,EMP10477,0,3,1,1,3,1,59639.63,0,18,Production Manager,PA,19837,1998-12-25,F,Single,US Citizen,No,White,2021-06-28,,,Active,Production,Sarah Johnson,4,Website,Fully Meets,3.39,1,2,2023-09-13,0,5
Taylor Thomas,EMP10478,0,2,1,4,4,0,73618.84,0,11,Office Manager,RI,51808,1998-11-30,F,Married,US Citizen,No,Asian,2018-10-09,,,Active,Admin Offices,Daniel Jackson,1,Employee Referral,Exceeds,3.63,5,0,2025-12-31,3,4
Riley Anderson,EMP10479,0,2,1,2,4,0,89540.98,0,1,Database Administrator,MA,64538,1960-12-21,F,Married,US Citizen,No,White,2024-11-12,,,Active,IT/IS,Robert Wilson,1,LinkedIn,Exceeds,3.9,4,1,2025-12-31,4,4
Cameron Taylor,EMP10480,0,1,1,1,3,0,58972.33,0,3,Production Technician I,MA,53724,1967-05-09,F,Married,US Citizen,No,White,2010-07-13,,,Active,Production,Lisa Miller,2,LinkedIn,Fully Meets,3.61,4,3,2012-12-11,2,7
Harper Lewis,EMP10481,1,4,1,1,1,0,61545.96,0,10,Production Manager,PA,17005,1973-01-17,F,Married,US Citizen,No,White,2020-07-27,,,Active,Production,Robert Wilson,1,CareerBuilder,PIP,4.09,4,0,2023-05-27,0,7
Drew Brown,EMP10482,1,1,1,5,3,0,96239.78,0,1,Senior Software Engineer,MA,48437,1982-02-17,M,Single,Eligible NonCitizen,No,Asian,2017-08-11,,,Active,Software Engineering,David Brown,10,Indeed,Fully Meets,2.34,3,2,2025-12-31,5,4
Alex Miller,EMP10483,0,4,1,2,3,0,38616.83,0,3,IT Manager,MA,97115,1971-02-22,M,Married,US Citizen,No,White,2019-05-25,,,Active,IT/IS,Daniel Jackson,6,Employee Referral,Fully Meets,3.28,3,3,2022-11-28,3,4
Harper Smith,EMP10484,0,3,1,1,3,1,40328.01,0,13,Area Sales Manager,MA,96221,1964-06-12,F,Single,US Citizen,No,American Indian or Alaska Native,2024-11-08,,,Active,Production,James Anderson,3,LinkedIn,Fully Meets,3.52,3,0,2025-12-31,5,7
Casey Lewis,EMP10485,0,2,1,2,3,0,44412.26,0,7,Network Engineer,NY,87933,1989-01-03,M,Single,US Citizen,No,White,2013-02-02,,,Active,IT/IS,James Anderson,5,Google Search,Fully Meets,4.1,5,2,2015-05-05,0,7
Jordan Johnson,EMP10486,0,5,1,3,3,0,37781.52,0,19,Sales Manager,CT,41965,1961-04-15,F,Married,US Citizen,No,White,2015-05-16,,,Active,Sales,Michael Smith,10,Employee Referral,Fully Meets,3.1,5,3,2025-12-31,3,6
Jordan Harris,EMP10487,0,1,1,1,3,0,62746.32,0,10,Production Technician I,MA,93982,1962-12-05,F,Widowed,US Citizen,No,Asian,2016-12-06,,,Active,Production,Sarah Johnson,7,CareerBuilder,Fully Meets,3.15,2,0,2020-06-15,3,3
Casey Johnson,EMP10488,0,2,1,1,3,0,62344.08,0,7,Production Technician II,MA,63466,1993-09-04,M,Single,US Citizen,No,White,2011-06-11,,,Active,Production,Michael Smith,4,Indeed,Fully Meets,3.78,4,0,2014-12-04,2,5
Avery Robinson,EMP10489,0,3,1,2,3,1,40835.96,0,12,IT Support,PA,57744,1976-11-07,M,Single,Eligible NonCitizen,No,White,2018-11-11,,,Active,IT/IS,Sarah Johnson,1,Employee Referral,Fully Meets,3.27,3,3,2020-04-21,1,5
Jamie Thompson,EMP10490,0,1,1,2,3,0,49668.66,0,15,IT Manager,PA,55277,1996-05-12,F,Married,US Citizen,No,White,2024-03-26,,,Active,IT/IS,Sarah Johnson,3,Employee Referral,Fully Meets,3.1,4,2,2025-12-31,1,6
Parker Davis,EMP10491,0,3,1,5,3,1,94659.11,0,15,Software Engineering Manager,MA,89310,1965-04-14,M,Married,US Citizen,No,White,2020-06-14,,,Active,Software Engineering,James Anderson,9,CareerBuilder,Fully Meets,2.14,3,0,2025-12-31,3,5
Casey Thomas,EMP10492,0,3,1,3,3,0,43634.5,0,8,Sales Manager,NY,53921,1961-02-03,F,Single,US Citizen,No,Asian,2010-12-19,,,Active,Sales,Robert Wilson,1,CareerBuilder,Fully Meets,3.56,3,3,2017-08-25,2,7
Riley Lewis,EMP10493,0,4,1,1,3,1,31956.2,0,18,Production Technician I,MA,70283,1989-07-26,F,Single,US Citizen,No,White,2016-05-30,,,Active,Production,Michael Smith,8,LinkedIn,Fully Meets,1.92,4,2,2025-10-03,3,2
Drew Moore,EMP10494,0,3,1,1,3,0,69815.43,0,3,Production Technician I,MA,11713,1994-03-27,M,Married,US Citizen,No,Black or African American,2020-07-30,,,Active,Production,Robert Wilson,10,Indeed,Fully Meets,3.41,4,0,2025-12-31,6,3
Harper Davis,EMP10495,0,2,5,5,1,0,110332.97,1,14,Software Engineering Manager,MA,90399,1960-06-07,M,Widowed,US Citizen,No,Black or African American,2022-05-08,2023-11-15,End of Contract,Terminated,Software Engineering,Patricia Thomas,3,CareerBuilder,PIP,2.98,2,5,2025-12-31,5,10
Skyler Brown,EMP10496,0,4,1,1,3,0,60668.21,0,17,Production Technician I,MA,12772,1993-06-29,M,Married,US Citizen,No,White,2021-03-08,,,Active,Production,Robert Wilson,7,Employee Referral,Fully Meets,2.59,4,1,2023-01-07,3,4
Drew Wilson,EMP10497,1,5,1,2,3,0,88813.81,0,15,Network Engineer,NY,87677,1961-01-17,F,Divorced,US Citizen,No,White,2023-07-05,,,Active,IT/IS,Daniel Jackson,1,Other,Fully Meets,3.58,4,0,2025-12-31,4,5
Jamie Smith,EMP10498,0,3,1,3,2,0,68365.21,0,7,Area Sales Manager,MA,78294,1964-06-29,F,Single,US Citizen,No,White,2015-05-07,,,Active,Sales,Daniel Jackson,8,Employee Referral,Partially Meets,4.52,4,2,2025-12-31,0,10
Drew Johnson,EMP10499,0,3,1,1,3,0,56800.54,0,1,Production Manager,MA,58123,1998-07-26,F,Single,US Citizen,No,American Indian or Alaska Native,2015-11-30,,,Active,Production,Emily White,3,LinkedIn,Fully Meets,3.37,5,2,2018-12-08,5,4
Riley Anderson,EMP10500,0,1,1,1,3,0,87014.59,0,11,Production Manager,MA,98261,1998-09-06,M,Married,US Citizen,No,White,2016-03-14,,,Active,Production,Robert Wilson,7,Employee Referral,Fully Meets,4.27,3,2,2025-12-31,2,0
Blake Lewis,EMP10501,0,4,1,3,2,1,62892.04,0,5,Sales Representative,NJ,80913,1978-01-26,F,Married,US Citizen,No,White,2020-01-29,,,Active,Sales,Emily White,9,Indeed,Partially Meets,2.37,3,0,2025-12-31,4,6
Riley Miller,EMP10502,0,4,1,5,3,0,51154.35,0,9,Senior Software Engineer,MA,83180,1990-03-18,M,Married,US Citizen,No,White,2020-08-24,,,Active,Software Engineering,Patricia Thomas,6,LinkedIn,Fully Meets,3.19,4,2,2025-12-31,3,7
Harper White,EMP10503,0,3,1,1,3,0,41294.61,0,9,Production Manager,MA,61427,1966-11-01,M,Married,US Citizen,No,Black or African American,2010-07-16,,,Active,Production,Lisa Miller,4,Diversity Job Fair,Fully Meets,4.08,1,3,2011-09-20,1,4
Jordan Martin,EMP10504,0,3,1,1,4,1,145912.76,0,5,Production Manager,MA,92716,1987-04-03,F,Married,US Citizen,No,White,2015-11-24,,,Active,Production,Jennifer Davis,1,Website,Exceeds,3.7,5,3,2021-12-20,1,6
Jamie Robinson,EMP10505,0,3,5,6,3,0,54788.57,1,9,Executive Assistant,CT,93194,1964-09-28,M,Single,US Citizen,Yes,Black or African American,2024-04-03,2025-04-07,Performance,Terminated,Executive Office,James Anderson,2,Employee Referral,Fully Meets,3.6,5,2,2025-12-31,3,3
Emerson Smith,EMP10506,1,3,1,4,2,1,52930.42,0,4,Administrative Assistant,NY,84784,1987-06-21,F,Single,US Citizen,No,White,2020-02-14,,,Active,Admin Offices,Michael Smith,1,Indeed,Partially Meets,3.09,4,1,2025-12-31,2,6
Sam Wilson,EMP10507,0,2,1,4,3,0,55091.43,0,16,Office Manager,NY,23248,1969-11-27,M,Married,US Citizen,No,White,2011-10-09,,,Active,Admin Offices,Daniel Jackson,7,Indeed,Fully Meets,3.22,3,0,2024-10-28,4,5
Jamie Moore,EMP10508,0,3,1,1,3,0,50313.74,0,6,Production Technician II,RI,30275,1987-05-23,M,Married,US Citizen,No,Two or More Races,2023-06-09,,,Active,Production,Michael Smith,1,LinkedIn,Fully Meets,3.09,3,0,2024-01-30,4,5
Riley Robinson,EMP10509,0,4,1,5,4,1,30000.0,0,16,Senior Software Engineer,RI,91751,1992-10-28,F,Single,US Citizen,No,White,2022-04-07,,,Active,Software Engineering,Daniel Jackson,5,Diversity Job Fair,Exceeds,3.41,2,0,2025-12-31,2,9
Rowan Lewis,EMP10510,1,1,1,5,2,0,55648.82,0,14,Software Engineering Manager,NH,73129,1971-05-23,F,Married,US Citizen,No,White,2017-05-08,,,Active,Software Engineering,Jennifer Davis,9,LinkedIn,Partially Meets,3.71,4,0,2022-10-17,2,3
Jordan Garcia,EMP10511,0,2,1,1,3,0,40177.01,0,11,Production Technician I,PA,77461,1991-02-27,F,Single,US Citizen,No,White,2022-09-04,,,Active,Production,Patricia Thomas,2,Indeed,Fully Meets,3.39,3,2,2025-12-31,4,10
Morgan Lewis,EMP10512,0,1,1,3,2,0,47273.23,0,12,Area Sales Manager,NJ,37822,1965-08-01,F,Divorced,US Citizen,No,American Indian or Alaska Native,2016-12-14,,,Active,Sales,David Brown,8,LinkedIn,Partially Meets,3.43,4,2,2019-04-20,3,4
Alex Thomas,EMP10513,0,2,1,4,3,0,41696.22,0,17,Office Manager,MA,86417,1997-08-30,F,Single,US Citizen,No,White,2022-01-23,,,Active,Admin Offices,Daniel Jackson,9,Employee Referral,Fully Meets,3.36,2,1,2025-12-31,0,4
Riley Jackson,EMP10514,0,1,1,1,3,0,68048.7,0,13,Area Sales Manager,NY,11086,1963-03-10,M,Married,US Citizen,No,American Indian or Alaska Native,2010-05-11,,,Active,Production,Emily White,1,LinkedIn,Fully Meets,3.77,5,1,2012-08-11,1,8
Jamie Thompson,EMP10515,0,5,5,5,2,0,94265.68,1,20,Software Engineering Manager,MA,33078,2001-01-08,F,Single,US Citizen,No,American Indian or Alaska Native,2016-09-14,2018-09-07,Dissatisfaction,Terminated,Software Engineering,Sarah Johnson,3,Diversity Job Fair,Partially Meets,4.15,3,2,2025-12-31,0,3
Drew Johnson,EMP10516,0,3,1,5,3,0,51766.64,0,1,Software Engineer,CT,42293,1980-01-13,F,Single,US Citizen,Yes,Black or African American,2024-02-11,,,Active,Software Engineering,Patricia Thomas,10,Website,Fully Meets,3.49,4,2,2025-12-31,0,7
Cameron Johnson,EMP10517,0,3,1,1,1,0,73747.06,0,8,Production Technician II,CT,65248,1962-04-15,M,Married,US Citizen,No,Hispanic,2016-07-30,,,Active,Production,Robert Wilson,10,Indeed,PIP,4.16,4,2,2025-12-31,1,3
Alex Robinson,EMP10518,0,3,1,4,3,0,53650.82,0,19,Office Manager,MA,28232,1999-10-09,F,Single,US Citizen,No,Asian,2015-08-13,,,Active,Admin Offices,Robert Wilson,3,Google Search,Fully Meets,3.53,3,0,2025-12-31,7,2
Sam Smith,EMP10519,0,3,1,3,2,0,59197.96,0,15,Sales Representative,CT,44573,1993-01-31,M,Single,US Citizen,No,White,2014-09-03,,,Active,Sales,David Brown,8,Employee Referral,Partially Meets,3.1,5,2,2017-10-03,4,4
Cameron Moore,EMP10520,0,5,1,6,1,0,44296.47,0,16,President & CEO,RI,96569,1965-08-22,F,Divorced,US Citizen,No,White,2021-08-22,,,Active,Executive Office,Sarah Johnson,1,Indeed,PIP,3.28,3,3,2025-12-31,3,6
Skyler Thomas,EMP10521,0,2,1,1,4,0,45667.36,0,3,Production Technician II,NY,20551,1994-09-28,M,Married,US Citizen,No,Hispanic,2013-01-22,,,Active,Production,Daniel Jackson,10,Other,Exceeds,4.14,2,0,2020-02-04,4,5
Morgan Martin,EMP10522,0,1,1,1,3,0,34393.83,0,5,Production Manager,NY,85440,1975-03-04,M,Married,US Citizen,No,Hispanic,2011-06-04,,,Active,Production,Lisa Miller,2,LinkedIn,Fully Meets,2.93,3,3,2018-02-04,3,4
Blake Martinez,EMP10523,0,1,1,3,3,0,68026.25,0,11,Sales Representative,PA,30952,1983-11-04,M,Married,US Citizen,No,White,2018-02-15,,,Active,Sales,Robert Wilson,5,Employee Referral,Fully Meets,3.92,5,4,2025-12-31,1,5
Casey Jackson,EMP10524,0,1,1,3,3,0,82896.57,0,2,Sales Manager,NJ,16040,1984-07-07,M,Single,US Citizen,No,Asian,2014-11-04,,,Active,Sales,Sarah Johnson,10,CareerBuilder,Fully Meets,4.02,4,1,2025-12-31,4,3
Logan Anderson,EMP10525,1,5,5,1,4,0,43687.77,1,16,Area Sales Manager,MA,52003,1972-08-04,M,Married,US Citizen,No,Asian,2022-07-04,2025-03-08,Higher Pay,Terminated,Production,Daniel Jackson,5,CareerBuilder,Exceeds,4.68,3,0,2025-12-31,1,5
Skyler Smith,EMP10526,0,4,1,4,3,0,49496.53,0,9,Office Manager,CT,65378,1974-08-26,M,Single,US Citizen,No,Asian,2017-07-31,,,Active,Admin Offices,Lisa Miller,3,Employee Referral,Fully Meets,4.15,2,1,2025-12-31,3,1
Jordan Brown,EMP10527,0,3,1,4,3,0,61144.19,0,17,Administrative Assistant,NH,12944,1974-09-29,M,Single,US Citizen,No,Hispanic,2010-12-19,,,Active,Admin Offices,Patricia Thomas,10,Employee Referral,Fully Meets,3.72,5,1,2022-12-07,4,8
Logan White,EMP10528,0,1,1,1,3,0,62326.9,0,8,Production Technician II,PA,28177,1967-08-02,M,Married,US Citizen,No,White,2014-02-07,,,Active,Production,Lisa Miller,8,Employee Referral,Fully Meets,3.18,4,1,2022-07-29,0,5
Taylor Harris,EMP10529,1,1,1,1,3,0,61318.22,0,8,Production Manager,NY,72315,1990-07-08,F,Divorced,US Citizen,No,Black or African American,2019-09-30,,,Active,Production,Lisa Miller,10,Google Search,Fully Meets,4.05,3,1,2020-01-10,4,5
Taylor Martin,EMP10530,0,4,5,5,2,0,107976.4,1,19,Software Engineering Manager,NY,39049,1970-04-23,M,Married,US Citizen,Yes,White,2020-09-15,2021-08-17,Performance,Terminated,Software Engineering,Robert Wilson,8,Website,Partially Meets,2.98,1,1,2025-12-31,3,7
Emerson Clark,EMP10531,1,3,1,1,3,1,53784.11,0,13,Area Sales Manager,MA,54164,1987-09-11,F,Married,US Citizen,No,Black or African American,2011-10-08,,,Active,Production,Robert Wilson,1,Other,Fully Meets,2.83,4,0,2019-01-20,2,4
Drew Lewis,EMP10532,0,1,1,3,2,0,64418.43,0,15,Sales Representative,RI,15369,1994-05-26,M,Widowed,US Citizen,No,Asian,2014-10-09,,,Active,Sales,Patricia Thomas,10,Indeed,Partially Meets,3.63,4,3,2025-12-31,2,3
Rowan Miller,EMP10533,0,4,5,1,2,0,71360.36,1,17,Production Technician II,CT,34430,1999-04-09,M,Married,US Citizen,No,White,2010-02-22,2015-03-05,Higher Pay,Terminated,Production,Daniel Jackson,2,Diversity Job Fair,Partially Meets,2.92,2,0,2014-12-05,4,8
Reese Smith,EMP10534,0,1,1,1,3,0,86609.0,0,4,Production Technician II,MA,87139,1965-09-11,M,Single,US Citizen,No,White,2019-08-09,,,Active,Production,Michael Smith,1,Employee Referral,Fully Meets,3.03,4,0,2023-10-07,2,4
Reese Harris,EMP10535,0,2,1,1,3,0,48789.82,0,15,Production Manager,NY,14948,1989-01-11,F,Married,US Citizen,No,White,2018-02-11,,,Active,Production,Jennifer Davis,3,Other,Fully Meets,3.43,2,1,2022-04-21,2,7
Skyler Clark,EMP10536,0,4,1,6,1,0,88209.56,0,11,President & CEO,MA,52593,1980-04-02,M,Married,Eligible NonCitizen,No,White,2015-05-31,,,Active,Executive Office,James Anderson,3,Website,PIP,4.24,4,1,2017-08-17,2,5
Reese Brown,EMP10537,0,1,1,1,1,0,50743.34,0,10,Production Technician I,CT,63369,1986-08-08,F,Single,US Citizen,No,Asian,2022-11-02,,,Active,Production,Robert Wilson,10,Indeed,PIP,3.25,3,1,2025-12-31,4,6
Blake Martin,EMP10538,0,3,1,1,3,0,47048.47,0,12,Production Technician II,MA,85595,1998-02-05,F,Married,US Citizen,No,White,2013-08-08,,,Active,Production,Daniel Jackson,9,Website,Fully Meets,2.83,5,3,2025-05-18,2,2
Parker Anderson,EMP10539,0,4,1,2,3,0,81240.24,0,10,Database Administrator,MA,19264,1969-01-14,M,Married,US Citizen,No,Asian,2016-07-26,,,Active,IT/IS,Jennifer Davis,4,Website,Fully Meets,3.32,5,0,2021-03-02,2,7
Jamie Robinson,EMP10540,0,1,1,2,3,1,58184.53,0,8,IT Support,MA,44946,1978-04-19,F,Married,US Citizen,No,White,2011-09-26,,,Active,IT/IS,Robert Wilson,9,Employee Referral,Fully Meets,2.67,4,3,2013-03-11,1,7
Skyler Johnson,EMP10541,0,4,1,1,4,0,56852.97,0,16,Production Manager,NY,66478,1968-05-13,F,Divorced,US Citizen,No,White,2023-07-05,,,Active,Production,James Anderson,8,Website,Exceeds,3.23,5,1,2025-12-31,2,5
Alex Harris,EMP10542,1,2,1,3,3,1,44086.42,0,3,Area Sales Manager,MA,42688,1995-10-17,F,Single,US Citizen,No,White,2024-06-19,,,Active,Sales,,1,Website,Fully Meets,2.18,2,1,2025-12-31,1,2
Skyler Harris,EMP10543,0,5,1,1,4,0,48019.54,0,5,Production Manager,NH,89148,1976-02-14,M,Single,US Citizen,No,White,2019-06-20,,,Active,Production,Daniel Jackson,9,LinkedIn,Exceeds,3.95,5,0,2025-12-09,3,4
Alex White,EMP10544,0,4,1,2,3,0,47956.68,0,3,IT Manager,MA,37244,1963-11-10,F,Separated,US Citizen,No,American Indian or Alaska Native,2015-02-20,,,Active,IT/IS,Patricia Thomas,9,Employee Referral,Fully Meets,3.59,1,3,2020-02-22,0,5
Jamie Anderson,EMP10545,0,4,1,1,3,0,76337.15,0,12,Production Technician II,MA,21583,1993-03-10,F,Married,US Citizen,No,White,2020-06-05,,,Active,Production,James Anderson,2,CareerBuilder,Fully Meets,4.64,3,1,2025-12-31,1,3
Drew Martinez,EMP10546,0,5,5,2,3,0,57619.94,1,18,Database Administrator,MA,79432,1991-08-31,M,Married,US Citizen,No,White,2021-03-25,2023-09-09,Performance,Terminated,IT/IS,James Anderson,10,Website,Fully Meets,5.0,5,0,2025-12-31,5,7
Skyler Moore,EMP10547,0,4,1,1,3,1,30000.0,0,12,Production Technician I,NY,13978,1984-03-24,M,Married,US Citizen,No,Black or African American,2015-08-11,,,Active,Production,James Anderson,9,Google Search,Fully Meets,2.71,5,1,2018-08-18,1,6
Harper Jackson,EMP10548,0,1,1,1,1,0,142103.75,0,13,Production Manager,PA,66579,1976-12-29,F,Single,US Citizen,No,White,2018-07-08,,,Active,Production,Robert Wilson,8,LinkedIn,PIP,4.0,3,3,2025-08-19,1,5
Reese Miller,EMP10549,0,3,5,1,4,0,66553.52,1,8,Area Sales Manager,MA,61245,1960-09-05,F,Married,US Citizen,No,Hispanic,2015-03-30,2015-05-24,Attendance,Terminated,Production,Daniel Jackson,6,LinkedIn,Exceeds,3.49,4,4,2023-09-03,1,7
Harper Jackson,EMP10550,0,3,1,5,3,0,69598.05,0,1,Software Engineering Manager,MA,76532,1989-10-14,F,Single,US Citizen,No,Two or More Races,2022-05-11,,,Active,Software Engineering,Sarah Johnson,6,Google Search,Fully Meets,,3,1,2025-12-31,3,4
Blake Brown,EMP10551,0,3,1,3,3,0,70076.84,0,2,Area Sales Manager,NY,68069,1983-03-04,M,Single,Eligible NonCitizen,No,White,2020-11-06,,,Active,Sales,David Brown,10,Indeed,Fully Meets,1.46,5,2,2021-02-14,1,1
Harper Smith,EMP10552,1,2,1,5,3,1,46926.02,0,12,Senior Software Engineer,MA,44094,1985-12-05,M,Divorced,US Citizen,No,Hispanic,2017-08-15,,,Active,Software Engineering,David Brown,9,LinkedIn,Fully Meets,3.34,3,3,2024-04-06,2,7
Taylor Smith,EMP10553,0,2,5,5,3,0,57903.69,1,14,Software Engineer,CT,47551,1986-04-23,M,Married,US Citizen,No,White,2017-11-20,2018-07-19,Better Opportunity,Terminated,Software Engineering,Lisa Miller,1,Indeed,Fully Meets,3.09,1,0,2021-11-27,2,1
Logan Robinson,EMP10554,0,3,1,4,3,0,77745.42,0,16,Human Resources,NJ,56922,1996-02-28,M,Married,US Citizen,Yes,White,2015-08-26,,,Active,Admin Offices,James Anderson,3,LinkedIn,Fully Meets,3.84,2,1,2022-07-02,1,9
Quinn Moore,EMP10555,0,1,1,1,2,0,77659.17,0,14,Production Technician I,RI,54422,1989-09-13,F,Single,US Citizen,No,Black or African American,2024-08-28,,,Active,Production,David Brown,1,Employee Referral,Partially Meets,3.49,4,2,2025-12-31,2,5
Logan Jackson,EMP10556,0,3,1,2,3,0,59279.11,0,8,Network Engineer,NY,54363,1974-05-24,M,Married,US Citizen,No,Black or African American,2011-08-31,,,Active,IT/IS,Jennifer Davis,7,Employee Referral,Fully Meets,3.97,3,1,2018-03-24,1,6
Casey Harris,EMP10557,0,4,1,3,3,0,95317.61,0,3,Area Sales Manager,RI,98908,1974-10-23,M,Separated,US Citizen,No,White,2014-08-26,,,Active,Sales,Emily White,8,Indeed,Fully Meets,3.51,3,0,2025-12-03,1,6
Morgan Miller,EMP10558,0,5,1,2,3,0,76754.28,0,13,IT Manager,MA,98333,1995-04-02,M,Divorced,US Citizen,No,White,2010-10-15,,,Active,IT/IS,Lisa Miller,2,Indeed,Fully Meets,2.92,5,0,2017-11-11,5,6
Morgan Robinson,EMP10559,0,2,1,1,2,0,58761.41,0,4,Area Sales Manager,MA,14161,1989-12-09,M,Married,US Citizen,Yes,White,2019-07-03,,,Active,Production,Robert Wilson,4,Employee Referral,Partially Meets,3.78,3,1,2025-12-31,0,3
Cameron Lewis,EMP10560,0,4,5,3,2,0,41073.08,1,14,Sales Manager,PA,88450,1977-11-07,M,Married,US Citizen,No,White,2010-02-25,2021-04-13,Better Opportunity,Terminated,Sales,Emily White,3,Diversity Job Fair,Partially Meets,4.42,2,1,2012-09-27,1,7
Casey Garcia,EMP10561,0,2,1,1,2,0,61920.54,0,13,Production Manager,RI,67992,1987-08-05,M,Single,US Citizen,Yes,Hispanic,2020-08-18,,,Active,Production,David Brown,2,LinkedIn,Partially Meets,4.79,4,1,2021-04-09,1,3
Drew Miller,EMP10562,0,5,1,1,3,0,76554.14,0,6,Production Technician I,MA,28839,1991-10-16,M,Single,US Citizen,No,Black or African American,2019-05-15,,,Active,Production,Michael Smith,5,CareerBuilder,Fully Meets,2.76,3,2,2019-12-09,1,6
Alex Jackson,EMP10563,0,1,1,1,4,0,54959.83,0,10,Production Technician I,MA,87209,1976-06-06,F,Single,US Citizen,No,White,2011-05-17,,,Active,Production,Lisa Miller,10,Website,Exceeds,3.49,4,2,2020-04-15,2,5
Parker Johnson,EMP10564,0,5,1,1,2,0,30000.0,0,4,Production Manager,NY,49688,1975-09-20,F,Single,US Citizen,Yes,Black or African American,2015-12-13,,,Active,Production,Jennifer Davis,8,Website,Partially Meets,3.12,4,1,2025-09-05,2,7
Riley Martin,EMP10565,1,1,1,1,3,0,76883.13,0,15,Production Manager,PA,76245,1996-04-07,M,Single,US Citizen,No,White,2023-07-01,,,Active,Production,Robert Wilson,2,CareerBuilder,Fully Meets,3.73,3,2,2025-12-31,4,2
Taylor Brown,EMP10566,1,5,1,1,3,0,67266.73,0,1,Production Manager,MA,70589,1960-12-13,F,Single,US Citizen,No,Asian,2023-10-05,,,Active,Production,Sarah Johnson,1,Diversity Job Fair,Fully Meets,4.22,4,1,2025-12-31,1,4
Blake Garcia,EMP10567,1,4,1,2,3,1,80258.89,0,12,Database Administrator,NJ,40176,1991-02-20,M,Divorced,US Citizen,No,Hispanic,2023-08-27,,,Active,IT/IS,Patricia Thomas,1,Diversity Job Fair,Fully Meets,4.78,5,1,2025-12-31,0,6
Quinn Jackson,EMP10568,0,5,1,4,3,0,36583.13,0,14,Office Manager,MA,79012,1981-04-22,M,Married,Eligible NonCitizen,No,Asian,2020-06-14,,,Active,Admin Offices,Jennifer Davis,3,Indeed,Fully Meets,3.23,1,0,2023-08-17,3,6
Emerson Brown,EMP10569,0,3,1,3,3,1,48252.88,0,19,Area Sales Manager,MA,39495,1966-04-02,M,Divorced,US Citizen,No,Black or African American,2010-02-08,,,Active,Sales,Sarah Johnson,10,Indeed,Fully Meets,2.78,3,2,2018-04-22,2,4
Sam Lewis,EMP10570,0,1,1,1,3,0,83684.29,0,16,Production Technician II,NJ,66942,1962-11-24,M,Single,US Citizen,Yes,White,2015-02-09,,,Active,Production,Michael Smith,2,Other,Fully Meets,3.31,3,5,2025-12-31,2,3
Rowan Taylor,EMP10571,1,5,1,1,3,0,63831.89,0,20,Production Technician II,MA,29759,1999-04-05,F,Divorced,US Citizen,No,White,2021-03-30,,,Active,Production,,4,Diversity Job Fair,Fully Meets,4.4,4,1,2023-05-04,3,7
Jamie Clark,EMP10572,0,3,5,1,2,0,47104.28,1,17,Production Technician II,NY,57482,1968-07-10,F,Single,US Citizen,Yes,White,2024-05-25,2025-08-07,Dissatisfaction,Terminated,Production,David Brown,9,Website,Partially Meets,2.01,5,0,2025-12-31,0,4
Alex Wilson,EMP10573,1,1,1,3,3,0,57772.38,0,13,Area Sales Manager,NJ,15450,1998-03-05,M,Single,US Citizen,Yes,White,2011-12-29,,,Active,Sales,Patricia Thomas,5,Website,Fully Meets,2.85,4,0,2016-07-02,2,6
Jamie Miller,EMP10574,1,3,1,2,2,0,76721.0,0,8,IT Support,RI,59069,1986-03-18,F,Single,US Citizen,Yes,White,2021-10-31,,,Active,IT/IS,Patricia Thomas,9,CareerBuilder,Partially Meets,4.09,2,0,2025-12-31,2,2
Casey Jackson,EMP10575,1,1,1,4,3,0,99753.4,0,13,Human Resources,NJ,18626,1991-07-05,F,Single,US Citizen,No,White,2011-11-14,,,Active,Admin Offices,David Brown,1,Employee Referral,Fully Meets,3.52,3,1,2016-11-22,0,2
Parker White,EMP10576,0,5,1,1,4,0,67775.03,0,14,Production Manager,MA,77895,1962-06-04,M,Single,US Citizen,No,Asian,2014-03-21,,,Active,Production,James Anderson,6,LinkedIn,Exceeds,3.94,5,2,2015-11-11,1,11
Morgan Brown,EMP10577,0,1,1,5,3,0,36306.97,0,15,Software Engineering Manager,RI,24294,1995-06-02,M,Married,US Citizen,No,White,2015-12-15,,,Active,Software Engineering,Robert Wilson,8,CareerBuilder,Fully Meets,3.39,3,0,2018-03-24,3,6
Jordan Robinson,EMP10578,0,1,1,2,4,0,50716.26,0,10,IT Manager,NY,45526,1979-01-07,F,Divorced,US Citizen,No,White,2011-06-03,,,Active,IT/IS,Michael Smith,5,Indeed,Exceeds,3.83,5,1,2021-06-21,2,4
Taylor Jackson,EMP10579,0,5,1,3,3,0,71878.17,0,10,Sales Representative,NJ,23871,1969-01-25,M,Divorced,US Citizen,No,White,2024-08-22,,,Active,Sales,Patricia Thomas,2,Indeed,Fully Meets,4.37,5,1,2025-12-31,5,5
Quinn Anderson,EMP10580,0,1,5,4,1,0,74693.29,1,1,Human Resources,NJ,17125,1964-08-13,F,Separated,US Citizen,No,Hispanic,2016-10-27,2022-10-25,Dissatisfaction,Terminated,Admin Offices,Daniel Jackson,5,Google Search,PIP,4.16,2,1,2017-04-03,2,2
Jamie Jackson,EMP10581,0,4,1,3,4,0,50729.58,0,2,Area Sales Manager,CT,37829,1972-07-12,M,Married,US Citizen,No,White,2012-06-19,,,Active,Sales,Sarah Johnson,8,LinkedIn,Exceeds,2.99,4,3,2018-09-13,1,1
Casey Miller,EMP10582,0,3,1,2,2,1,98788.3,0,7,IT Manager,MA,71318,1971-12-21,M,Divorced,US Citizen,No,White,2015-08-24,,,Active,IT/IS,Robert Wilson,4,Indeed,Partially Meets,1.2,2,0,2025-12-31,1,9
Cameron Harris,EMP10583,1,4,1,1,3,0,38385.29,0,10,Production Technician II,MA,30558,1974-05-25,F,Separated,US Citizen,No,White,2012-03-23,,,Active,Production,Sarah Johnson,5,LinkedIn,Fully Meets,3.67,1,1,2015-05-30,3,2
Blake Miller,EMP10584,0,3,1,1,2,0,99754.59,0,14,Area Sales Manager,NJ,83644,1989-12-11,M,Married,US Citizen,Yes,White,2016-11-19,,,Active,Production,David Brown,10,LinkedIn,Partially Meets,3.84,3,2,2024-03-21,5,8
Avery Garcia,EMP10585,0,1,1,2,2,0,49891.19,0,5,Network Engineer,MA,56273,1987-08-30,M,Single,US Citizen,No,Black or African American,2016-07-22,,,Active,IT/IS,Sarah Johnson,4,Website,Partially Meets,3.3,4,1,2025-12-31,1,7
Harper Miller,EMP10586,0,5,1,4,3,0,120239.26,0,1,Office Manager,MA,51846,1991-08-16,F,Separated,US Citizen,No,White,2020-06-06,,,Active,Admin Offices,Emily White,1,Employee Referral,Fully Meets,3.07,3,0,2023-06-04,1,5
Casey Davis,EMP10587,0,1,5,1,3,0,78768.49,1,1,Production Technician II,PA,74106,1967-02-10,F,Married,US Citizen,Yes,Two or More Races,2013-07-25,2019-12-14,Better Opportunity,Terminated,Production,Patricia Thomas,9,Employee Referral,Fully Meets,3.81,3,1,2014-11-02,1,3
Quinn White,EMP10588,1,1,1,5,3,0,35111.97,0,7,Senior Software Engineer,NY,49576,1972-06-24,M,Single,US Citizen,No,White,2018-01-11,,,Active,Software Engineering,Michael Smith,1,Employee Referral,Fully Meets,3.24,4,0,2019-03-12,2,2
Jamie Miller,EMP10589,1,2,1,3,3,1,54458.48,0,19,Sales Manager,CT,21685,1977-12-24,F,Divorced,US Citizen,No,White,2010-05-08,,,Active,Sales,Sarah Johnson,2,Google Search,Fully Meets,3.7,4,2,2019-08-02,0,6
Emerson Thompson,EMP10590,0,2,1,5,2,0,30275.54,0,17,Software Engineer,MA,13227,1980-02-01,F,Widowed,US Citizen,No,White,2010-12-04,,,Active,Software Engineering,Michael Smith,8,Website,Partially Meets,3.35,4,2,2013-08-05,2,3
Jamie Harris,EMP10591,0,3,1,1,3,0,31877.05,0,16,Production Manager,NH,26439,1976-02-29,M,Married,US Citizen,No,Two or More Races,2011-05-10,,,Active,Production,Lisa Miller,2,LinkedIn,Fully Meets,3.24,4,0,2017-11-21,3,3
Drew Robinson,EMP10592,0,3,5,2,4,0,33400.67,1,9,IT Support,MA,22208,1994-06-08,F,Widowed,US Citizen,Yes,White,2017-03-09,2018-03-12,End of Contract,Terminated,IT/IS,Jennifer Davis,4,LinkedIn,Exceeds,3.34,1,0,2025-09-15,3,3
Jordan Clark,EMP10593,1,3,1,1,3,0,83037.11,0,12,Production Technician I,NJ,73923,1974-04-16,M,Married,US Citizen,No,White,2016-05-28,,,Active,Production,Michael Smith,1,Employee Referral,Fully Meets,4.45,1,2,2025-12-31,3,2
Jamie Martin,EMP10594,0,4,5,5,1,1,70813.34,1,4,Senior Software Engineer,CT,51184,1999-08-16,M,Married,US Citizen,No,White,2014-01-10,2019-08-02,Dissatisfaction,Terminated,Software Engineering,,7,Other,PIP,2.88,4,1,2018-04-30,4,4
Morgan Taylor,EMP10595,0,4,1,3,3,0,55233.69,0,11,Sales Representative,CT,43007,1963-05-28,F,Married,US Citizen,No,Hispanic,2024-02-29,,,Active,Sales,Jennifer Davis,5,Other,Fully Meets,3.65,4,2,2025-12-31,0,6
Jordan Robinson,EMP10596,0,2,1,1,3,0,70259.8,0,10,Production Technician I,MA,57002,1975-08-10,M,Married,US Citizen,No,White,2024-08-15,,,Active,Production,Michael Smith,5,LinkedIn,Fully Meets,2.21,4,1,2025-12-31,2,4
Alex Moore,EMP10597,0,2,1,1,3,0,44368.41,0,8,Production Technician I,NY,80471,1961-03-21,M,Divorced,US Citizen,No,Hispanic,2014-12-11,,,Active,Production,Sarah Johnson,7,LinkedIn,Fully Meets,3.59,5,0,2022-11-16,1,5
Sam Clark,EMP10598,1,4,1,1,3,0,104970.46,0,8,Production Technician II,MA,14293,1996-06-10,M,Divorced,US Citizen,No,White,2017-10-23,,,Active,Production,Michael Smith,1,Indeed,Fully Meets,4.48,5,0,2025-12-31,1,6
Emerson Thomas,EMP10599,0,4,5,2,4,0,101982.49,1,13,IT Support,MA,42797,1998-09-12,F,Married,US Citizen,No,Black or African American,2017-07-24,2025-02-23,Dissatisfaction,Terminated,IT/IS,Lisa Miller,5,Employee Referral,Exceeds,3.98,3,2,2025-12-31,3,3
Alex White,EMP10600,0,5,1,1,2,0,65453.65,0,15,Production Technician II,CT,38477,2000-02-08,F,Single,US Citizen,No,White,2014-08-17,,,Active,Production,Patricia Thomas,9,LinkedIn,Partially Meets,4.08,3,1,2021-04-14,2,3
Riley Smith,EMP10601,0,2,1,2,3,0,40713.47,0,6,IT Manager,MA,52429,1988-07-21,M,Separated,US Citizen,No,White,2012-09-17,,,Active,IT/IS,James Anderson,8,CareerBuilder,Fully Meets,3.7,5,4,2013-06-29,2,5
Logan Martinez,EMP10602,1,1,1,4,1,0,62934.44,0,11,Human Resources,NY,11401,1985-11-05,F,Widowed,US Citizen,No,Hispanic,2017-08-16,,,Active,Admin Offices,David Brown,1,Indeed,PIP,3.92,3,2,2019-12-25,1,5
Avery Martin,EMP10603,0,3,1,2,3,0,59366.31,0,3,IT Manager,MA,46475,1992-07-23,F,Married,US Citizen,No,White,2023-11-24,,,Active,IT/IS,Robert Wilson,10,Diversity Job Fair,Fully Meets,3.13,3,0,2025-12-31,2,4
Cameron Jackson,EMP10604,0,4,5,1,2,0,66095.87,1,5,Area Sales Manager,MA,72825,1989-06-24,F,Separated,US Citizen,No,Black or African American,2016-08-25,2018-02-05,Attendance,Terminated,Production,David Brown,1,Employee Referral,Partially Meets,2.74,2,0,2018-04-13,4,1
Logan Jackson,EMP10605,1,2,1,5,2,0,47775.26,0,10,Senior Software Engineer,MA,11174,1998-06-15,F,Divorced,US Citizen,No,White,2015-03-23,,,Active,Software Engineering,Sarah Johnson,10,Employee Referral,Partially Meets,4.03,5,2,2023-08-18,3,4
Riley Lewis,EMP10606,1,4,1,3,3,0,39231.43,0,3,Sales Manager,MA,93664,1984-07-27,F,Married,US Citizen,No,White,2012-03-03,,,Active,Sales,Daniel Jackson,8,Indeed,Fully Meets,3.32,3,1,2021-10-13,3,7
Jamie White,EMP10607,0,4,1,1,2,0,57504.14,0,4,Area Sales Manager,MA,77906,1977-10-24,M,Separated,US Citizen,No,Black or African American,2012-08-09,,,Active,Production,Jennifer Davis,8,Website,Partially Meets,3.16,3,0,2021-06-17,3,3
Sam Miller,EMP10608,0,4,1,1,2,1,53497.14,0,5,Production Technician I,PA,80120,1964-05-10,M,Married,US Citizen,Yes,Black or African American,2015-12-15,,,Active,Production,Daniel Jackson,2,Employee Referral,Partially Meets,3.11,4,1,2022-04-12,0,2
Reese Miller,EMP10609,0,1,5,1,4,0,39465.52,1,20,Production Technician I,MA,20056,1971-03-23,F,Married,US Citizen,Yes,White,2017-02-26,2021-02-12,Relocation,Terminated,Production,Patricia Thomas,4,Google Search,Exceeds,3.22,5,6,2025-02-15,2,10
Quinn Johnson,EMP10610,0,5,1,1,3,0,30000.0,0,3,Area Sales Manager,RI,67651,1966-08-02,F,Single,US Citizen,No,White,2020-04-16,,,Active,Production,Sarah Johnson,3,Diversity Job Fair,Fully Meets,3.81,2,2,2021-07-17,4,5
Emerson Miller,EMP10611,0,5,5,1,3,0,38219.94,1,4,Production Technician I,PA,42468,1984-02-24,M,Married,US Citizen,No,White,2016-04-03,2024-11-24,Better Opportunity,Terminated,Production,Sarah Johnson,2,CareerBuilder,Fully Meets,3.96,2,1,2021-04-21,6,7
Drew Robinson,EMP10612,0,5,1,1,3,0,52142.07,0,9,Production Technician I,NJ,94023,1977-01-15,M,Married,US Citizen,No,Hispanic,2018-09-25,,,Active,Production,Robert Wilson,5,Indeed,Fully Meets,3.1,4,4,2025-12-31,1,7
Quinn Martin,EMP10613,0,5,1,1,3,0,81663.52,0,7,Production Technician II,CT,28798,2000-01-05,F,Single,US Citizen,No,White,2014-05-18,,,Active,Production,Patricia Thomas,7,Google Search,Fully Meets,2.71,4,2,2024-08-20,3,8
Morgan White,EMP10614,0,2,1,1,3,0,150000.0,0,5,Production Technician I,PA,47158,1980-11-24,F,Single,US Citizen,No,Hispanic,2021-02-05,,,Active,Production,Sarah Johnson,4,Website,Fully Meets,2.82,3,1,2025-12-31,3,6
Harper Thomas,EMP10615,0,4,5,5,3,0,43217.64,1,17,Senior Software Engineer,NJ,64194,2000-04-14,F,Married,US Citizen,No,Black or African American,2023-05-27,2024-05-30,Better Opportunity,Terminated,Software Engineering,Jennifer Davis,8,Employee Referral,Fully Meets,4.73,2,1,2025-12-31,6,3
Casey Miller,EMP10616,0,2,1,3,3,0,62307.13,0,13,Sales Representative,RI,30893,1989-09-04,F,Single,US Citizen,No,White,2018-07-21,,,Active,Sales,David Brown,8,CareerBuilder,Fully Meets,3.86,4,1,2022-11-07,3,8
Quinn Brown,EMP10617,0,1,5,2,3,0,77794.52,1,6,Network Engineer,CT,13076,1984-05-09,F,Separated,US Citizen,No,Asian,2013-08-08,2020-08-16,Relocation,Terminated,IT/IS,Lisa Miller,8,Google Search,Fully Meets,2.67,5,0,2021-08-19,7,10
Logan Thomas,EMP10618,0,3,1,3,1,0,66441.58,0,14,Sales Manager,NY,15659,1985-05-19,M,Married,US Citizen,No,White,2024-03-11,,,Active,Sales,Sarah Johnson,7,Employee Referral,PIP,4.25,2,2,2025-12-31,4,6
Logan Davis,EMP10619,0,4,1,3,1,1,62479.68,0,17,Area Sales Manager,MA,77881,1964-01-21,M,Married,US Citizen,No,White,2018-01-05,,,Active,Sales,James Anderson,7,Employee Referral,PIP,3.29,3,0,2025-12-31,1,6
Emerson Lewis,EMP10620,0,5,1,3,3,0,56745.54,0,14,Sales Manager,MA,98777,1989-12-01,F,Separated,US Citizen,Yes,Asian,2021-03-09,,,Active,Sales,Daniel Jackson,8,Google Search,Fully Meets,3.34,3,0,2025-12-31,3,4
Sam Johnson,EMP10621,0,1,1,5,3,0,53293.43,0,12,Senior Software Engineer,NY,17859,1987-08-06,M,Single,US Citizen,No,White,2012-06-07,,,Active,Software Engineering,Emily White,6,Website,Fully Meets,3.15,4,3,2024-02-05,2,2
Reese White,EMP10622,1,1,1,1,1,0,116884.36,0,14,Production Technician I,MA,26823,1997-03-31,F,Married,US Citizen,No,White,2022-02-01,,,Active,Production,James Anderson,4,Website,PIP,3.72,2,2,2022-08-18,3,7
Avery Martinez,EMP10623,0,4,1,1,4,0,60529.33,0,18,Production Manager,MA,70077,1970-06-20,M,Divorced,US Citizen,No,White,2011-06-02,,,Active,Production,James Anderson,9,Diversity Job Fair,Exceeds,3.48,2,0,2017-09-30,0,6
Avery Harris,EMP10624,0,3,1,1,3,0,37910.99,0,11,Production Manager,NY,20335,1983-09-06,F,Married,US Citizen,No,Asian,2024-11-14,,,Active,Production,Emily White,8,LinkedIn,Fully Meets,3.51,5,3,2025-12-31,1,4
Jamie White,EMP10625,0,5,1,1,3,0,30000.0,0,17,Production Manager,MA,20122,1997-11-07,F,Single,US Citizen,No,Black or African American,2014-06-22,,,Active,Production,Michael Smith,2,Website,Fully Meets,3.46,1,0,2014-11-18,4,7
Casey Moore,EMP10626,1,4,1,2,3,0,68582.93,0,4,Database Administrator,CT,66542,1985-10-22,F,Single,US Citizen,No,Asian,2014-09-14,,,Active,IT/IS,Robert Wilson,10,Employee Referral,Fully Meets,2.06,3,1,2025-05-23,3,4
Drew Robinson,EMP10627,0,5,5,3,3,0,58344.65,1,2,Area Sales Manager,NY,29315,1993-11-03,M,Divorced,US Citizen,No,White,2018-08-11,2022-09-15,Higher Pay,Terminated,Sales,Lisa Miller,1,Indeed,Fully Meets,2.71,4,0,2025-12-31,5,6
Rowan Thomas,EMP10628,0,3,5,5,3,0,45480.51,1,14,Senior Software Engineer,NY,34675,1960-04-14,M,Single,US Citizen,No,White,2020-12-11,2024-04-24,End of Contract,Terminated,Software Engineering,Daniel Jackson,2,Google Search,Fully Meets,2.42,1,1,2025-12-31,4,4
Blake Brown,EMP10629,1,4,1,4,1,0,62348.11,0,5,Administrative Assistant,CT,55222,1992-02-08,F,Single,US Citizen,No,Asian,2018-02-03,,,Active,Admin Offices,Daniel Jackson,9,Indeed,PIP,4.35,5,1,2025-03-12,2,3
Casey Thompson,EMP10630,0,4,1,1,3,0,50390.88,0,5,Production Manager,MA,68109,1992-06-26,F,Married,US Citizen,No,White,2015-02-11,,,Active,Production,Sarah Johnson,6,Employee Referral,Fully Meets,2.49,1,1,2017-01-23,2,8
Alex Anderson,EMP10631,0,1,1,1,3,0,57363.65,0,10,Area Sales Manager,MA,97223,1972-12-30,M,Single,US Citizen,No,White,2023-01-22,,,Active,Production,Michael Smith,3,Website,Fully Meets,3.71,2,0,2025-12-31,3,4
Rowan Garcia,EMP10632,0,3,1,4,3,0,122547.63,0,2,Office Manager,PA,82319,1964-09-18,F,Married,US Citizen,No,White,2015-12-07,,,Active,Admin Offices,Lisa Miller,8,Indeed,Fully Meets,2.44,5,1,2024-03-28,0,5
Taylor Garcia,EMP10633,0,1,1,1,3,1,36949.97,0,5,Production Manager,NH,54115,1984-02-04,F,Married,US Citizen,No,Asian,2019-04-13,,,Active,Production,Jennifer Davis,10,Indeed,Fully Meets,3.78,4,0,2021-10-03,0,2
Alex Martin,EMP10634,0,5,1,2,3,0,47599.44,0,4,IT Support,MA,59574,1972-04-09,F,Widowed,US Citizen,No,White,2015-08-18,,,Active,IT/IS,Daniel Jackson,5,Indeed,Fully Meets,2.9,4,1,2024-04-05,2,2
Emerson Clark,EMP10635,1,4,1,5,3,0,59289.82,0,11,Software Engineer,NJ,87951,1964-04-27,M,Single,US Citizen,No,Two or More Races,2016-09-05,,,Active,Software Engineering,Lisa Miller,4,Other,Fully Meets,3.51,2,2,2019-03-26,3,5
Sam Clark,EMP10636,0,4,5,1,2,0,60443.98,1,16,Production Technician II,MA,41904,1973-03-05,M,Widowed,US Citizen,Yes,Black or African American,2013-05-29,2022-04-08,Higher Pay,Terminated,Production,James Anderson,5,CareerBuilder,Partially Meets,2.89,3,1,2021-12-23,2,5
Avery Martin,EMP10637,0,3,1,1,4,0,37216.94,0,2,Production Technician I,PA,22500,1973-07-05,F,Married,US Citizen,No,White,2018-10-05,,,Active,Production,Patricia Thomas,8,CareerBuilder,Exceeds,3.73,5,0,2025-12-31,4,2
Drew Thompson,EMP10638,0,5,1,2,3,0,43099.12,0,19,IT Support,MA,90638,1969-09-28,M,Married,US Citizen,No,White,2012-11-24,,,Active,IT/IS,James Anderson,10,Website,Fully Meets,3.42,4,3,2015-10-27,3,6
Drew Martinez,EMP10639,0,5,1,3,3,1,37088.93,0,3,Area Sales Manager,MA,41195,1973-09-27,M,Single,US Citizen,No,White,2017-10-18,,,Active,Sales,David Brown,3,Website,Fully Meets,3.04,3,0,2025-12-31,4,13
Logan Martin,EMP10640,0,1,5,4,3,0,73737.72,1,20,Office Manager,MA,13616,1994-12-25,F,Married,US Citizen,No,Asian,2018-10-30,2023-09-15,Relocation,Terminated,Admin Offices,James Anderson,5,CareerBuilder,Fully Meets,3.92,4,2,2019-07-09,1,4
Rowan Clark,EMP10641,0,5,1,4,2,0,64566.73,0,6,Administrative Assistant,NY,57402,1994-03-20,F,Single,US Citizen,No,Asian,2014-08-10,,,Active,Admin Offices,Lisa Miller,2,Website,Partially Meets,3.67,3,4,2025-12-31,1,4
Harper Garcia,EMP10642,0,2,1,1,3,0,60288.14,0,10,Production Technician I,NY,59257,1968-06-09,F,Single,US Citizen,No,Black or African American,2020-02-25,,,Active,Production,Daniel Jackson,7,Employee Referral,Fully Meets,5.0,3,3,2020-08-23,2,6
Sam Smith,EMP10643,0,4,1,6,1,0,54813.55,0,18,Executive Assistant,NH,22090,1973-03-17,M,Single,US Citizen,No,White,2015-07-24,,,Active,Executive Office,James Anderson,4,Other,PIP,4.14,3,0,2015-12-06,2,8
Drew Lewis,EMP10644,1,2,1,1,3,0,93369.27,0,6,Production Technician I,MA,22249,1962-02-05,M,Married,US Citizen,Yes,White,2019-02-27,,,Active,Production,Patricia Thomas,5,Indeed,Fully Meets,3.36,1,1,2022-09-15,1,3
Jordan Taylor,EMP10645,0,2,5,1,3,0,32553.83,1,10,Production Manager,RI,36477,1969-05-12,M,Married,US Citizen,No,Two or More Races,2014-03-29,2022-07-12,Higher Pay,Terminated,Production,Patricia Thomas,9,CareerBuilder,Fully Meets,2.58,3,0,2017-03-23,1,5
Drew Smith,EMP10646,0,2,1,4,3,0,118455.31,0,14,Human Resources,NY,10167,1980-02-26,F,Married,US Citizen,No,White,2019-09-04,,,Active,Admin Offices,Robert Wilson,7,Other,Fully Meets,3.1,3,1,2024-05-15,2,2
Jordan Taylor,EMP10647,0,5,1,5,3,0,43883.72,0,1,Software Engineer,MA,15605,1968-03-28,F,Widowed,US Citizen,Yes,White,2015-12-12,,,Active,Software Engineering,Jennifer Davis,2,CareerBuilder,Fully Meets,3.04,4,1,2023-10-26,2,7
Riley Wilson,EMP10648,0,3,1,5,3,0,38768.35,0,15,Software Engineering Manager,MA,24300,1994-01-03,M,Separated,US Citizen,No,Black or African American,2016-07-18,,,Active,Software Engineering,,9,Indeed,Fully Meets,3.73,4,3,2024-07-04,1,6
Drew Anderson,EMP10649,0,2,1,3,3,0,50424.72,0,12,Sales Manager,MA,92319,1965-02-12,M,Single,US Citizen,No,Black or African American,2012-05-11,,,Active,Sales,Daniel Jackson,3,Diversity Job Fair,Fully Meets,4.05,2,2,2024-10-28,1,7
Drew Anderson,EMP10650,1,5,1,5,3,0,35575.0,0,2,Senior Software Engineer,MA,41451,1977-06-03,F,Married,US Citizen,Yes,White,2021-08-15,,,Active,Software Engineering,Emily White,5,Other,Fully Meets,3.84,4,0,2025-12-31,6,2
Parker Lewis,EMP10651,1,2,1,1,4,0,83219.39,0,19,Area Sales Manager,NH,64701,1969-12-13,M,Single,US Citizen,No,Hispanic,2021-07-08,,,Active,Production,Emily White,1,LinkedIn,Exceeds,3.63,4,0,,1,4
Jordan Moore,EMP10652,1,3,1,4,3,0,83987.71,0,18,Office Manager,MA,31034,1960-03-27,M,Divorced,US Citizen,No,White,2020-02-22,,,Active,Admin Offices,Patricia Thomas,10,Employee Referral,Fully Meets,4.14,3,2,2023-09-04,3,7
Rowan Moore,EMP10653,0,2,5,5,2,1,111620.32,1,10,Senior Software Engineer,PA,99470,1991-05-07,M,Single,US Citizen,No,White,2014-06-16,2022-03-28,Relocation,Terminated,Software Engineering,Emily White,6,Employee Referral,Partially Meets,3.78,2,2,2021-05-11,0,3
Avery Davis,EMP10654,0,5,1,4,3,1,63001.7,0,6,Office Manager,MA,18275,1979-07-22,M,Single,US Citizen,No,Black or African American,2013-04-19,,,Active,Admin Offices,Michael Smith,3,Google Search,Fully Meets,2.82,4,0,2017-06-01,1,5
Morgan Harris,EMP10655,0,2,1,1,2,0,63681.23,0,2,Production Manager,CT,76985,2000-01-07,M,Single,US Citizen,No,Black or African American,2024-08-22,,,Active,Production,Daniel Jackson,3,Google Search,Partially Meets,3.51,4,1,2025-12-31,1,3
Logan Johnson,EMP10656,0,3,5,1,3,0,53578.25,1,10,Production Technician II,MA,77129,1972-12-13,F,Married,US Citizen,No,Two or More Races,2017-03-22,2020-01-21,Better Opportunity,Terminated,Production,David Brown,4,Employee Referral,Fully Meets,2.01,3,0,2020-04-17,2,7
Morgan Smith,EMP10657,1,4,1,4,2,0,49198.29,0,19,Administrative Assistant,CT,18874,1970-07-15,F,Divorced,US Citizen,No,White,2017-04-07,,,Active,Admin Offices,Emily White,9,Employee Referral,Partially Meets,4.86,4,4,2021-10-24,2,2
Alex Davis,EMP10658,0,3,1,1,3,0,70478.74,0,15,Area Sales Manager,RI,43113,1975-04-07,M,Single,US Citizen,Yes,Two or More Races,2021-11-16,,,Active,Production,Daniel Jackson,6,Indeed,Fully Meets,4.14,4,3,2025-12-31,3,5
Parker White,EMP10659,0,1,1,2,3,1,59736.35,0,2,IT Support,RI,31424,1988-12-01,F,Married,US Citizen,No,Black or African American,2021-01-05,,,Active,IT/IS,Patricia Thomas,3,Employee Referral,Fully Meets,3.61,4,1,2025-12-31,1,4
Alex Moore,EMP10660,0,1,1,1,2,0,46526.92,0,7,Production Manager,NH,98901,1962-10-16,M,Married,US Citizen,No,White,2011-10-24,,,Active,Production,Emily White,4,CareerBuilder,Partially Meets,4.16,3,0,2021-01-10,3,4
Blake White,EMP10661,0,4,1,6,1,0,46260.45,0,5,President & CEO,MA,52735,1971-02-11,M,Married,US Citizen,No,White,2016-07-05,,,Active,Executive Office,Jennifer Davis,8,Employee Referral,PIP,3.59,4,1,2018-03-18,2,4
Casey Davis,EMP10662,1,5,1,1,2,0,67317.23,0,14,Production Manager,MA,12810,1960-02-08,M,Single,US Citizen,No,White,2016-02-29,,,Active,Production,James Anderson,4,Indeed,Partially Meets,4.81,5,1,2025-12-31,7,5
Quinn Wilson,EMP10663,0,2,1,1,2,0,30000.0,0,4,Production Technician I,NY,25937,1977-01-22,M,Married,US Citizen,Yes,White,2012-10-30,,,Active,Production,Sarah Johnson,3,Diversity Job Fair,Partially Meets,3.6,5,0,2015-06-01,3,3
Jamie Harris,EMP10664,0,1,1,1,4,0,48178.13,0,18,Area Sales Manager,NY,87925,1995-05-25,M,Married,US Citizen,No,White,2011-03-04,,,Active,Production,Jennifer Davis,5,LinkedIn,Exceeds,3.28,4,1,2017-06-18,0,5
Jordan Thomas,EMP10665,0,1,1,2,3,0,62225.45,0,2,Database Administrator,NY,25024,1963-07-03,M,Single,US Citizen,No,Hispanic,2015-06-23,,,Active,IT/IS,Sarah Johnson,2,Website,Fully Meets,3.4,2,1,2017-08-30,2,4
Harper Moore,EMP10666,0,5,1,1,2,0,38228.08,0,19,Production Technician II,NJ,17748,1972-12-06,M,Divorced,US Citizen,No,White,2015-01-03,,,Active,Production,Robert Wilson,9,Indeed,Partially Meets,3.97,3,0,2025-12-31,3,5
Riley Jackson,EMP10667,1,3,1,1,2,0,41483.79,0,3,Production Manager,NY,24747,1987-06-17,F,Married,US Citizen,No,Black or African American,2017-04-07,,,Active,Production,Emily White,1,LinkedIn,Partially Meets,2.86,4,2,2025-09-08,3,8
Casey Miller,EMP10668,0,5,1,1,2,0,85378.58,0,18,Production Technician I,CT,14125,1996-02-02,F,Single,US Citizen,No,Asian,2012-10-12,,,Active,Production,Patricia Thomas,7,CareerBuilder,Partially Meets,1.38,4,1,2013-06-23,1,6
Rowan Miller,EMP10669,0,4,1,1,3,0,38376.6,0,1,Production Technician I,MA,26725,1980-07-09,F,Single,Eligible NonCitizen,No,Two or More Races,2013-02-07,,,Active,Production,James Anderson,9,Google Search,Fully Meets,4.45,3,2,2016-09-15,3,3
Rowan Miller,EMP10670,0,1,1,6,2,1,99359.98,0,3,President & CEO,NJ,52344,1987-01-17,M,Married,US Citizen,No,Black or African American,2020-12-08,,,Active,Executive Office,Robert Wilson,10,Indeed,Partially Meets,3.34,4,2,2025-12-31,0,4
Cameron Martinez,EMP10671,1,4,5,5,2,0,49855.46,1,11,Senior Software Engineer,CT,20064,1963-07-14,M,Single,US Citizen,No,Asian,2020-04-12,2022-10-28,Attendance,Terminated,Software Engineering,Robert Wilson,8,Google Search,Partially Meets,3.42,4,2,2023-02-10,6,3
Parker Clark,EMP10672,0,5,1,1,3,0,40112.62,0,12,Area Sales Manager,MA,20103,1993-02-18,M,Single,US Citizen,No,Asian,2024-04-30,,,Active,Production,Emily White,2,Website,Fully Meets,3.66,5,2,2025-12-31,1,3
Jordan Johnson,EMP10673,0,1,5,2,4,1,49522.32,1,12,IT Manager,NJ,99385,1985-01-26,F,Divorced,US Citizen,No,White,2011-12-12,2012-09-07,Higher Pay,Terminated,IT/IS,James Anderson,9,LinkedIn,Exceeds,3.49,3,2,2022-06-27,2,9
Reese Garcia,EMP10674,1,3,1,2,3,0,52309.44,0,20,IT Support,RI,67191,1976-03-30,F,Single,US Citizen,No,White,2010-09-07,,,Active,IT/IS,Robert Wilson,8,LinkedIn,Fully Meets,3.21,4,1,2020-07-15,2,2
Jordan Anderson,EMP10675,0,2,1,1,3,0,30000.0,0,11,Production Technician II,MA,68167,1976-07-10,M,Single,US Citizen,No,Hispanic,2019-10-07,,,Active,Production,David Brown,2,Website,Fully Meets,4.21,4,5,2023-08-31,2,10
Riley Thompson,EMP10676,0,2,1,4,3,0,50934.57,0,18,Office Manager,RI,87152,1968-07-22,M,Married,US Citizen,No,Hispanic,2015-08-09,,,Active,Admin Offices,Lisa Miller,10,Employee Referral,Fully Meets,4.69,5,0,2024-11-21,1,3
Rowan Brown,EMP10677,0,1,1,2,3,0,52734.99,0,7,Database Administrator,CT,44349,1971-10-15,F,Married,US Citizen,No,White,2015-08-25,,,Active,IT/IS,Lisa Miller,5,Indeed,Fully Meets,3.61,3,0,2019-11-19,1,6
Cameron Robinson,EMP10678,0,1,1,1,3,0,35751.63,0,11,Area Sales Manager,CT,92231,1975-08-26,M,Separated,US Citizen,Yes,Black or African American,2011-06-21,,,Active,Production,Jennifer Davis,10,Website,Fully Meets,4.38,4,0,2017-06-19,1,5
Emerson Anderson,EMP10679,1,3,1,1,3,0,49781.49,0,11,Production Manager,CT,13158,1976-06-23,M,Separated,US Citizen,No,White,2016-10-04,,,Active,Production,Robert Wilson,1,Employee Referral,Fully Meets,3.41,2,1,2025-12-31,3,4
Cameron Miller,EMP10680,0,5,1,3,3,0,52545.46,0,10,Sales Representative,NH,56505,1960-03-07,F,Single,US Citizen,No,American Indian or Alaska Native,2023-02-28,,,Active,Sales,Sarah Johnson,8,Employee Referral,Fully Meets,3.41,3,1,2025-12-31,2,3
Drew Wilson,EMP10681,0,4,1,2,3,0,114046.94,0,16,IT Manager,MA,58167,1960-02-23,F,Single,US Citizen,No,White,2012-09-23,,,Active,IT/IS,Sarah Johnson,8,Employee Referral,Fully Meets,3.35,3,0,2025-12-01,0,6
Logan Lewis,EMP10682,0,3,1,1,4,0,107360.18,0,18,Production Technician II,MA,88496,1968-01-02,M,Married,US Citizen,No,White,2020-04-21,,,Active,Production,Lisa Miller,2,Diversity Job Fair,Exceeds,2.02,3,2,2023-11-22,3,8
Skyler Robinson,EMP10683,0,4,1,1,3,1,38585.24,0,13,Production Manager,MA,72394,1970-08-22,M,Married,US Citizen,No,Black or African American,2019-05-29,,,Active,Production,Robert Wilson,10,Diversity Job Fair,Fully Meets,3.97,4,1,2025-12-31,2,10
Cameron Moore,EMP10684,0,4,1,1,3,0,33285.98,0,15,Production Technician I,CT,74845,1980-02-13,M,Single,US Citizen,No,White,2012-07-01,,,Active,Production,Sarah Johnson,2,Employee Referral,Fully Meets,3.83,1,1,2023-03-25,3,4
Rowan White,EMP10685,0,5,1,1,2,0,30000.0,0,20,Production Manager,CT,11483,1990-08-09,F,Married,US Citizen,No,White,2016-06-04,,,Active,Production,David Brown,9,Website,Partially Meets,2.77,2,0,2019-10-17,3,3
Rowan Jackson,EMP10686,0,2,1,5,1,0,51643.94,0,13,Software Engineering Manager,NY,12272,1971-03-23,F,Single,US Citizen,No,White,2014-07-18,,,Active,Software Engineering,Patricia Thomas,1,Website,PIP,3.75,4,1,2025-12-31,5,8
Rowan Thomas,EMP10687,0,2,1,1,2,0,37615.63,0,3,Production Technician I,RI,22223,1986-06-26,M,Widowed,US Citizen,No,White,2023-05-07,,,Active,Production,David Brown,6,Indeed,Partially Meets,3.08,4,2,2025-12-31,1,5
Emerson Martin,EMP10688,0,5,1,1,2,0,43996.4,0,12,Production Technician II,NH,40953,1971-08-07,M,Widowed,US Citizen,No,Asian,2010-02-02,,,Active,Production,James Anderson,3,Indeed,Partially Meets,2.73,4,2,2014-06-15,2,6
Alex Taylor,EMP10689,0,5,1,5,3,0,72464.07,0,5,Software Engineering Manager,PA,14575,1993-11-29,M,Married,US Citizen,No,Two or More Races,2018-07-06,,,Active,Software Engineering,James Anderson,1,Google Search,Fully Meets,3.1,4,1,2025-02-04,3,8
Harper Johnson,EMP10690,0,2,1,2,3,0,40213.61,0,16,Database Administrator,RI,52224,1962-08-17,F,Single,US Citizen,No,White,2011-08-24,,,Active,IT/IS,Sarah Johnson,10,Indeed,Fully Meets,3.92,5,2,2019-03-26,1,8
Alex Garcia,EMP10691,0,1,1,1,3,0,57101.13,0,16,Production Technician I,CT,68603,1997-09-16,F,Single,US Citizen,No,Black or African American,2022-06-04,,,Active,Production,Emily White,7,Website,Fully Meets,3.9,5,0,2025-12-31,0,3
Taylor Miller,EMP10692,0,4,1,2,2,0,53044.53,0,2,IT Support,MA,74580,1976-01-02,F,Separated,US Citizen,No,White,2019-07-29,,,Active,IT/IS,Robert Wilson,10,Google Search,Partially Meets,2.98,3,2,2022-05-10,3,4
Reese Johnson,EMP10693,0,5,1,1,2,0,65016.45,0,19,Production Technician II,MA,66426,1967-04-10,F,Married,US Citizen,Yes,White,2023-06-11,,,Active,Production,Patricia Thomas,2,CareerBuilder,Partially Meets,3.02,3,0,2023-11-13,3,6
Riley Clark,EMP10694,1,1,1,1,2,0,41184.86,0,1,Area Sales Manager,NJ,40925,1972-12-03,F,Married,US Citizen,No,Black or African American,2021-03-29,,,Active,Production,Robert Wilson,6,Google Search,Partially Meets,2.8,1,3,2025-12-31,4,5
Alex Garcia,EMP10695,0,1,1,5,3,0,61309.3,0,8,Software Engineer,MA,20693,1963-06-03,M,Married,US Citizen,No,White,2010-09-02,,,Active,Software Engineering,Jennifer Davis,3,Indeed,Fully Meets,3.66,2,0,2018-12-17,4,6
Sam Wilson,EMP10696,1,4,5,1,3,0,34485.89,1,18,Production Manager,NY,48525,1963-03-31,F,Single,US Citizen,No,White,2023-01-19,2024-12-07,Dissatisfaction,Terminated,Production,Emily White,7,Employee Referral,Fully Meets,2.21,3,0,2025-12-31,4,7
Quinn Martinez,EMP10697,0,5,1,1,4,0,57162.0,0,15,Area Sales Manager,MA,54932,1975-02-11,F,Married,US Citizen,Yes,White,2020-05-27,,,Active,Production,Patricia Thomas,5,Indeed,Exceeds,3.41,3,0,2025-12-31,0,8
Parker Clark,EMP10698,0,4,1,4,3,0,91715.21,0,7,Human Resources,MA,88551,1980-05-21,M,Single,US Citizen,No,White,2025-01-18,,,Active,Admin Offices,Sarah Johnson,9,Employee Referral,Fully Meets,4.04,5,1,2025-12-31,0,5
Taylor Thompson,EMP10699,1,3,1,3,3,1,40137.85,0,4,Area Sales Manager,NY,43702,1975-06-24,M,Single,US Citizen,No,White,2013-06-28,,,Active,Sales,Michael Smith,7,CareerBuilder,Fully Meets,4.06,2,2,2021-11-15,2,4
Taylor Miller,EMP10700,0,2,5,1,4,1,30000.0,1,13,Area Sales Manager,MA,88206,1983-07-23,M,Widowed,US Citizen,No,White,2015-09-25,2020-07-09,Performance,Terminated,Production,Sarah Johnson,5,Other,Exceeds,2.54,2,2,2016-08-12,2,4
Alex White,EMP10701,0,4,1,5,2,0,35931.34,0,15,Senior Software Engineer,CT,58113,1976-05-18,F,Separated,US Citizen,No,White,2011-12-02,,,Active,Software Engineering,Emily White,7,Website,Partially Meets,2.82,3,1,2019-04-20,1,10
Parker Davis,EMP10702,0,5,1,5,4,0,30000.0,0,4,Software Engineering Manager,PA,25572,1993-07-06,M,Single,US Citizen,No,White,2013-03-14,,,Active,Software Engineering,Michael Smith,9,Employee Referral,Exceeds,3.12,4,2,2025-11-25,2,6
Alex Miller,EMP10703,0,1,1,1,3,0,39546.38,0,14,Production Manager,PA,18653,1981-02-27,F,Married,US Citizen,Yes,White,2014-05-10,,,Active,Production,James Anderson,4,Google Search,Fully Meets,2.94,2,4,2025-12-31,3,3
Riley Harris,EMP10704,0,2,1,1,3,0,73057.53,0,17,Production Manager,MA,87388,2000-12-29,F,Single,US Citizen,No,White,2023-02-17,,,Active,Production,Jennifer Davis,6,CareerBuilder,Fully Meets,5.0,5,2,2025-12-31,3,6
Riley Brown,EMP10705,0,4,5,1,3,0,41480.34,1,5,Area Sales Manager,NY,10960,1989-07-10,M,Single,US Citizen,Yes,Two or More Races,2013-07-09,2022-09-27,Higher Pay,Terminated,Production,Lisa Miller,3,CareerBuilder,Fully Meets,2.88,2,0,2025-12-31,4,7
Quinn Harris,EMP10706,0,2,1,1,3,0,74821.01,0,20,Area Sales Manager,NJ,58816,1988-06-02,F,Single,US Citizen,No,White,2021-01-24,,,Active,Production,Daniel Jackson,7,LinkedIn,Fully Meets,4.5,4,0,2024-12-20,2,7
Taylor White,EMP10707,0,1,1,4,2,0,73661.29,0,17,Human Resources,NY,40148,1963-11-02,M,Widowed,US Citizen,No,Two or More Races,2012-05-05,,,Active,Admin Offices,David Brown,2,LinkedIn,Partially Meets,2.92,4,2,2015-02-06,0,5
Logan Thomas,EMP10708,0,3,1,6,2,0,60710.0,0,10,President & CEO,CT,38317,1960-06-26,M,Divorced,US Citizen,No,White,2021-06-25,,,Active,Executive Office,Jennifer Davis,2,LinkedIn,Partially Meets,3.45,4,3,2023-03-30,1,8
Alex Thomas,EMP10709,0,3,1,4,3,0,57195.27,0,1,Human Resources,MA,18367,1973-05-07,M,Separated,US Citizen,No,White,2017-05-19,,,Active,Admin Offices,Michael Smith,4,Employee Referral,Fully Meets,4.25,4,2,2019-11-17,0,5
Casey Wilson,EMP10710,0,1,1,1,4,0,39758.03,0,14,Production Technician II,NY,66260,1972-04-11,M,Divorced,US Citizen,No,White,2024-07-31,,,Active,Production,Robert Wilson,3,Website,Exceeds,4.05,3,1,2025-12-31,1,3
Harper Taylor,EMP10711,0,2,1,1,4,0,54167.05,0,16,Production Technician II,NJ,90833,1966-02-22,F,Married,US Citizen,No,White,2020-08-13,,,Active,Production,Emily White,7,Google Search,Exceeds,3.78,3,2,2020-11-15,1,3
Jamie Martin,EMP10712,0,4,5,4,2,0,98641.78,1,11,Office Manager,NJ,51243,1961-02-06,M,Married,US Citizen,No,White,2021-11-14,2024-12-20,Attendance,Terminated,Admin Offices,David Brown,3,Website,Partially Meets,2.66,1,2,2025-12-31,3,10
Logan Smith,EMP10713,0,1,1,1,3,0,30000.0,0,20,Area Sales Manager,NJ,49632,1966-08-19,M,Married,US Citizen,No,White,2018-06-22,,,Active,Production,James Anderson,7,Indeed,Fully Meets,4.46,3,2,2025-12-31,2,3
Harper Lewis,EMP10714,1,3,1,3,3,0,81574.3,0,13,Sales Manager,NY,27370,1987-07-30,F,Separated,US Citizen,No,White,2018-09-26,,,Active,Sales,James Anderson,7,Indeed,Fully Meets,3.85,4,0,2025-12-31,4,2
Jordan Anderson,EMP10715,0,4,1,4,4,0,61647.8,0,2,Human Resources,MA,46880,1985-10-27,M,Married,US Citizen,Yes,White,2011-11-05,,,Active,Admin Offices,Sarah Johnson,2,Indeed,Exceeds,3.59,3,1,2019-04-26,1,5
Skyler Davis,EMP10716,0,1,1,2,3,0,38578.58,0,7,IT Support,PA,31087,1998-05-16,M,Married,US Citizen,No,Hispanic,2018-09-26,,,Active,IT/IS,Sarah Johnson,6,Employee Referral,Fully Meets,4.04,3,0,2025-01-21,2,4
Blake White,EMP10717,0,1,1,1,4,0,44383.96,0,3,Area Sales Manager,MA,69626,1982-08-23,M,Married,US Citizen,Yes,White,2010-02-10,,,Active,Production,Emily White,1,Diversity Job Fair,Exceeds,3.3,3,2,2011-05-14,2,4
Riley Martinez,EMP10718,0,2,1,1,3,1,38182.67,0,9,Production Technician II,NJ,27861,1974-09-09,F,Married,US Citizen,No,Black or African American,2015-10-31,,,Active,Production,Daniel Jackson,6,LinkedIn,Fully Meets,2.47,4,2,2025-12-31,5,4
Quinn White,EMP10719,0,4,1,3,3,1,36161.01,0,12,Area Sales Manager,NY,99601,1962-06-19,F,Married,US Citizen,No,White,2018-04-02,,,Active,Sales,Emily White,6,Website,Fully Meets,4.54,2,4,2025-12-31,2,4
Jamie Thomas,EMP10720,0,1,1,1,3,0,47010.44,0,7,Area Sales Manager,MA,29555,1979-05-16,M,Single,US Citizen,No,White,2024-01-02,,,Active,Production,Robert Wilson,2,LinkedIn,Fully Meets,3.79,4,0,2025-12-31,1,3
Taylor Harris,EMP10721,0,3,1,1,1,0,30000.0,0,17,Production Technician I,MA,80835,1988-06-17,M,Divorced,Eligible NonCitizen,No,Black or African American,2012-07-09,,,Active,Production,Daniel Jackson,6,LinkedIn,PIP,3.2,4,1,2022-04-29,1,5
Alex Brown,EMP10722,1,3,1,5,3,0,75624.95,0,6,Senior Software Engineer,NJ,62628,1964-09-10,F,Married,US Citizen,No,Hispanic,2024-09-03,,,Active,Software Engineering,Emily White,5,Employee Referral,Fully Meets,3.34,4,1,2025-03-20,1,5
Rowan Martinez,EMP10723,0,4,1,1,3,0,77202.26,0,10,Production Technician I,MA,90624,1962-10-01,M,Married,US Citizen,No,White,2010-03-09,,,Active,Production,Patricia Thomas,10,LinkedIn,Fully Meets,3.85,3,1,2017-10-04,2,2
Avery Garcia,EMP10724,0,3,1,2,4,0,42902.28,0,12,Network Engineer,NH,57200,1978-10-09,M,Married,US Citizen,No,White,2012-09-03,,,Active,IT/IS,Robert Wilson,7,CareerBuilder,Exceeds,3.21,4,1,2021-03-03,3,2
Emerson Johnson,EMP10725,0,3,1,2,3,0,47860.92,0,2,Database Administrator,MA,47646,1960-02-06,F,Single,US Citizen,No,White,2019-09-23,,,Active,IT/IS,Jennifer Davis,7,Indeed,Fully Meets,3.21,4,2,2022-02-19,4,4
Rowan Miller,EMP10726,0,2,1,3,3,0,63782.93,0,14,Sales Manager,MA,82960,1992-06-16,F,Married,US Citizen,No,Hispanic,2011-05-06,,,Active,Sales,James Anderson,8,Diversity Job Fair,Fully Meets,2.68,4,2,2012-03-11,0,7
Harper Johnson,EMP10727,0,3,1,2,3,0,30000.0,0,3,IT Support,NY,36077,1975-08-23,M,Married,US Citizen,No,White,2021-02-07,,,Active,IT/IS,Jennifer Davis,6,CareerBuilder,Fully Meets,3.9,5,2,2025-12-31,1,5
Quinn Robinson,EMP10728,0,2,1,4,3,0,55449.41,0,20,Office Manager,NY,28558,1991-03-13,F,Married,US Citizen,No,White,2018-12-03,,,Active,Admin Offices,Michael Smith,6,Other,Fully Meets,2.88,3,1,2020-02-14,3,2
Jordan Thomas,EMP10729,1,5,1,5,2,0,53912.65,0,5,Software Engineer,NJ,32961,1995-08-30,F,Married,US Citizen,No,White,2024-12-16,,,Active,Software Engineering,Patricia Thomas,6,Other,Partially Meets,4.39,3,3,2025-12-31,3,8
Reese Brown,EMP10730,0,5,1,1,2,0,48490.51,0,12,Production Technician II,NH,62899,1979-08-13,F,Single,US Citizen,Yes,Two or More Races,2013-04-08,,,Active,Production,David Brown,1,Employee Referral,Partially Meets,2.59,4,2,2015-11-02,0,5
Cameron Clark,EMP10731,0,1,1,3,3,0,69636.44,0,10,Sales Manager,RI,96293,1987-08-26,M,Married,US Citizen,No,White,2021-07-19,,,Active,Sales,Robert Wilson,7,CareerBuilder,Fully Meets,4.38,4,0,2025-12-31,1,1
Casey Thompson,EMP10732,0,5,1,3,2,0,70185.99,0,18,Sales Manager,CT,84172,1999-03-06,M,Single,US Citizen,No,Asian,2020-07-19,,,Active,Sales,James Anderson,7,Indeed,Partially Meets,3.19,4,2,2025-12-31,2,5
Casey Thomas,EMP10733,0,2,5,1,3,0,57158.95,1,18,Area Sales Manager,MA,80091,1983-02-27,M,Married,US Citizen,No,White,2020-08-14,2021-07-29,Better Opportunity,Terminated,Production,Patricia Thomas,2,Indeed,Fully Meets,4.67,4,3,2023-09-01,1,14
Quinn Wilson,EMP10734,0,3,1,4,3,0,35616.94,0,15,Office Manager,NY,99264,1995-12-12,F,Married,Eligible NonCitizen,Yes,Hispanic,2010-05-28,,,Active,Admin Offices,Jennifer Davis,9,Indeed,Fully Meets,3.27,3,2,2014-03-31,3,4
Avery Brown,EMP10735,0,3,1,1,3,0,67524.75,0,1,Production Manager,NH,86497,1994-10-18,F,Single,US Citizen,No,Black or African American,2013-12-26,,,Active,Production,Michael Smith,4,CareerBuilder,Fully Meets,3.39,4,2,2015-06-16,1,5
Rowan Thomas,EMP10736,0,3,1,2,3,0,50586.46,0,11,Database Administrator,PA,76410,1980-11-01,F,Married,Eligible NonCitizen,No,White,2020-05-07,,,Active,IT/IS,Robert Wilson,10,Website,Fully Meets,3.77,1,2,2025-12-31,5,5
Blake Thomas,EMP10737,0,5,1,1,3,0,48324.48,0,13,Production Manager,MA,21977,1977-03-02,M,Single,US Citizen,No,White,2021-07-11,,,Active,Production,David Brown,10,LinkedIn,Fully Meets,4.12,1,1,,4,8
Morgan Anderson,EMP10738,0,2,1,1,3,0,41195.73,0,2,Production Manager,MA,68501,1971-09-25,M,Single,US Citizen,No,White,2017-11-16,,,Active,Production,Jennifer Davis,4,Website,Fully Meets,4.48,4,2,2022-08-16,0,5
Casey Taylor,EMP10739,0,4,1,4,3,0,81605.46,0,6,Human Resources,MA,98623,1993-01-17,F,Single,US Citizen,No,White,2013-03-05,,,Active,Admin Offices,David Brown,10,Indeed,Fully Meets,2.63,4,1,2025-07-11,3,4
Sam Davis,EMP10740,0,5,1,5,1,1,72625.43,0,7,Senior Software Engineer,MA,59895,1978-10-17,M,Widowed,US Citizen,No,White,2021-03-01,,,Active,Software Engineering,Patricia Thomas,10,Employee Referral,PIP,3.05,1,2,2025-12-31,1,5
Sam Thomas,EMP10741,0,4,1,1,3,0,67567.99,0,18,Production Manager,CT,67405,1975-02-28,F,Married,US Citizen,No,Hispanic,2016-09-10,,,Active,Production,Daniel Jackson,7,Indeed,Fully Meets,4.46,2,0,2018-08-17,2,5
Taylor Jackson,EMP10742,0,4,1,6,3,0,38183.42,0,17,Executive Assistant,RI,69358,1982-11-07,F,Single,US Citizen,No,Black or African American,2024-02-01,,,Active,Executive Office,Daniel Jackson,9,Google Search,Fully Meets,2.16,3,0,2025-02-23,1,5
Sam Harris,EMP10743,0,5,1,1,3,0,42801.99,0,13,Area Sales Manager,MA,68352,1993-01-17,M,Single,US Citizen,No,Hispanic,2012-05-18,,,Active,Production,Sarah Johnson,7,Employee Referral,Fully Meets,2.81,2,1,2019-02-11,1,4
Rowan Martin,EMP10744,1,4,1,5,2,0,37403.03,0,19,Senior Software Engineer,NJ,25295,1975-10-31,M,Married,US Citizen,No,Hispanic,2023-07-11,,,Active,Software Engineering,Robert Wilson,4,Indeed,Partially Meets,1.66,3,2,2025-12-31,3,2
Parker Martin,EMP10745,0,1,1,1,3,0,93268.37,0,16,Production Technician II,MA,99973,1984-05-28,F,Divorced,US Citizen,No,White,2013-07-19,,,Active,Production,Emily White,4,Indeed,Fully Meets,3.25,4,1,2025-12-31,4,4
Parker Moore,EMP10746,0,4,1,6,2,0,87850.27,0,8,Executive Assistant,PA,16136,1984-08-30,F,Divorced,US Citizen,No,Hispanic,2016-11-15,,,Active,Executive Office,Emily White,10,Employee Referral,Partially Meets,2.64,2,1,2023-10-14,1,7
Quinn Lewis,EMP10747,0,3,1,5,3,0,59077.52,0,3,Senior Software Engineer,NY,51597,2000-03-12,F,Single,Eligible NonCitizen,No,Black or African American,2019-08-06,,,Active,Software Engineering,Emily White,10,CareerBuilder,Fully Meets,3.14,4,1,2025-12-31,2,7
Drew Miller,EMP10748,0,2,1,6,3,0,46513.07,0,5,President & CEO,NY,30467,1996-04-06,F,Single,US Citizen,No,Asian,2021-05-05,,,Active,Executive Office,Daniel Jackson,8,CareerBuilder,Fully Meets,4.29,3,1,2025-12-31,2,2
Reese Thomas,EMP10749,0,5,1,4,3,0,40434.85,0,15,Human Resources,MA,73999,1984-12-29,F,Widowed,US Citizen,No,White,2024-07-02,,,Active,Admin Offices,David Brown,6,Indeed,Fully Meets,3.52,4,1,2024-12-29,2,8
Logan Smith,EMP10750,1,3,5,1,2,0,30000.0,1,2,Production Technician II,NJ,29880,1974-06-19,M,Married,US Citizen,No,White,2017-06-13,2017-07-20,Performance,Terminated,Production,Michael Smith,6,Diversity Job Fair,Partially Meets,3.48,5,0,2025-12-31,1,4
Reese Wilson,EMP10751,0,4,5,2,2,1,54809.23,1,18,Network Engineer,MA,22531,1968-01-20,F,Single,US Citizen,No,White,2020-07-31,2024-10-10,Dissatisfaction,Terminated,IT/IS,Michael Smith,3,Employee Referral,Partially Meets,,1,0,2021-10-25,2,3
Casey Martin,EMP10752,0,5,1,5,4,0,31498.35,0,10,Software Engineer,CT,81331,1995-05-16,M,Separated,US Citizen,No,White,2010-09-12,,,Active,Software Engineering,David Brown,6,Indeed,Exceeds,3.62,4,2,2024-01-31,1,6
Riley Jackson,EMP10753,1,1,1,1,2,0,30000.0,0,10,Production Manager,MA,26571,1998-06-15,F,Separated,US Citizen,No,Black or African American,2022-10-30,,,Active,Production,Michael Smith,2,LinkedIn,Partially Meets,2.19,4,4,2025-12-31,1,4
Morgan Thompson,EMP10754,0,5,1,1,3,0,30000.0,0,10,Production Technician II,MA,30862,1997-03-19,F,Married,US Citizen,No,Asian,2018-02-08,,,Active,Production,Patricia Thomas,2,CareerBuilder,Fully Meets,3.6,3,1,2024-08-08,2,6
Riley Garcia,EMP10755,0,3,1,1,3,0,48096.67,0,7,Area Sales Manager,NY,55038,1967-05-24,M,Married,US Citizen,No,American Indian or Alaska Native,2024-10-25,,,Active,Production,James Anderson,3,Other,Fully Meets,3.03,4,0,2025-12-31,4,5
Morgan Lewis,EMP10756,0,2,1,3,3,1,53680.48,0,19,Sales Manager,MA,53923,1982-08-20,F,Married,US Citizen,No,Hispanic,2024-06-03,,,Active,Sales,Lisa Miller,7,Website,Fully Meets,2.95,3,0,2025-12-31,2,4
Morgan Davis,EMP10757,0,5,1,1,1,0,87097.95,0,5,Area Sales Manager,CT,72404,1999-11-01,F,Single,US Citizen,No,White,2013-12-25,,,Active,Production,Emily White,1,Employee Referral,PIP,2.52,2,0,2025-11-24,2,7
Parker Moore,EMP10758,0,4,1,1,2,0,73549.55,0,11,Production Technician I,MA,42243,1976-10-13,M,Married,US Citizen,Yes,Black or African American,2012-08-30,,,Active,Production,Daniel Jackson,6,Diversity Job Fair,Partially Meets,3.98,1,2,2021-07-02,3,4
Riley Thomas,EMP10759,1,5,1,1,3,0,89588.57,0,5,Area Sales Manager,MA,13887,1977-01-07,M,Single,US Citizen,No,Black or African American,2011-12-29,,,Active,Production,Jennifer Davis,10,CareerBuilder,Fully Meets,3.32,5,0,2014-02-20,2,7
Sam Harris,EMP10760,0,5,1,4,3,0,85103.56,0,10,Human Resources,PA,83976,1994-05-26,F,Married,US Citizen,No,White,2022-10-12,,,Active,Admin Offices,James Anderson,10,Employee Referral,Fully Meets,3.58,3,1,2025-12-31,2,4
Jamie Anderson,EMP10761,0,4,1,1,2,0,89357.33,0,18,Production Technician I,MA,19226,1986-05-09,F,Married,US Citizen,Yes,White,2014-12-22,,,Active,Production,Sarah Johnson,3,Employee Referral,Partially Meets,3.53,5,1,2021-07-17,3,5
Skyler Martin,EMP10762,0,1,5,3,3,0,76556.25,1,15,Area Sales Manager,MA,20042,1965-01-26,F,Single,US Citizen,No,American Indian or Alaska Native,2020-11-23,2025-10-25,Dissatisfaction,Terminated,Sales,Patricia Thomas,2,Indeed,Fully Meets,2.68,4,4,2025-12-31,3,2
Riley Garcia,EMP10763,0,5,1,2,4,0,65025.71,0,11,Database Administrator,NH,57918,1995-08-30,M,Divorced,US Citizen,No,Hispanic,2020-01-21,,,Active,IT/IS,James Anderson,9,Google Search,Exceeds,1.96,5,1,2023-10-31,1,4
Cameron Miller,EMP10764,0,5,1,4,3,0,57808.16,0,3,Office Manager,PA,41706,1972-12-01,F,Married,US Citizen,No,White,2023-05-17,,,Active,Admin Offices,Emily White,3,LinkedIn,Fully Meets,2.84,4,3,2025-12-31,2,5
Reese Thompson,EMP10765,0,4,1,1,3,0,64410.37,0,9,Production Technician I,RI,79764,1967-01-13,F,Married,US Citizen,No,Hispanic,2015-07-14,,,Active,Production,David Brown,3,Website,Fully Meets,3.53,3,3,2019-08-21,4,6
Cameron Johnson,EMP10766,0,4,1,1,4,0,52309.41,0,11,Area Sales Manager,MA,92882,1964-07-23,M,Married,US Citizen,No,Two or More Races,2011-01-18,,,Active,Production,David Brown,1,Diversity Job Fair,Exceeds,4.55,4,2,2019-04-07,3,7
Casey Brown,EMP10767,0,4,1,1,3,0,58295.0,0,11,Production Technician I,PA,94792,1992-03-09,M,Single,US Citizen,No,White,2018-08-03,,,Active,Production,Michael Smith,4,Website,Fully Meets,3.78,4,3,2025-12-31,4,9
Avery Robinson,EMP10768,0,5,1,6,3,0,40795.2,0,15,President & CEO,CT,47169,1976-11-20,F,Married,US Citizen,No,White,2024-02-23,,,Active,Executive Office,Daniel Jackson,8,Google Search,Fully Meets,3.88,4,2,2025-12-31,1,8
Logan Thomas,EMP10769,0,3,1,1,3,0,30000.0,0,19,Area Sales Manager,MA,71633,1972-05-13,M,Married,US Citizen,No,White,2017-06-12,,,Active,Production,Sarah Johnson,10,Indeed,Fully Meets,2.12,2,0,2020-04-09,2,6
Parker Martin,EMP10770,0,4,1,3,1,0,111007.98,0,16,Area Sales Manager,PA,74225,1969-01-25,M,Single,US Citizen,No,Black or African American,2011-07-10,,,Active,Sales,Robert Wilson,8,LinkedIn,PIP,2.62,3,1,2016-10-15,2,10
Morgan Taylor,EMP10771,0,1,1,4,2,0,42736.78,0,4,Office Manager,RI,11858,1969-09-06,M,Single,US Citizen,No,White,2012-07-07,,,Active,Admin Offices,Emily White,1,LinkedIn,Partially Meets,3.41,5,0,2014-05-23,1,6
Emerson Jackson,EMP10772,0,2,1,5,2,0,79619.6,0,17,Software Engineer,MA,11721,1973-04-01,F,Widowed,US Citizen,No,White,2019-05-13,,,Active,Software Engineering,David Brown,1,Employee Referral,Partially Meets,4.63,5,2,2024-12-30,4,7
Emerson White,EMP10773,0,1,1,3,3,1,56733.07,0,16,Sales Manager,MA,92121,1960-04-07,F,Divorced,US Citizen,No,Hispanic,2012-07-07,,,Active,Sales,Daniel Jackson,5,Indeed,Fully Meets,3.97,5,0,2019-05-07,2,2
Cameron Lewis,EMP10774,1,2,5,1,3,0,87296.71,1,16,Production Manager,MA,53901,1983-03-24,M,Married,US Citizen,No,White,2024-11-21,2025-10-06,Performance,Terminated,Production,Daniel Jackson,1,LinkedIn,Fully Meets,5.0,5,2,2025-12-31,2,2
Morgan Thompson,EMP10775,1,1,1,1,1,0,45887.29,0,18,Area Sales Manager,CT,45704,1970-09-09,F,Divorced,US Citizen,No,White,2024-02-10,,,Active,Production,Sarah Johnson,8,LinkedIn,PIP,5.0,3,4,2025-12-31,2,4
Quinn Robinson,EMP10776,0,1,1,4,2,0,41666.37,0,3,Administrative Assistant,PA,61846,1999-07-15,F,Divorced,US Citizen,No,Asian,2016-05-27,,,Active,Admin Offices,Michael Smith,1,Indeed,Partially Meets,4.28,3,3,2020-03-12,2,7
Taylor Miller,EMP10777,0,1,1,1,3,0,30000.0,0,9,Production Technician II,NY,18682,1995-05-08,F,Married,US Citizen,No,Hispanic,2017-11-06,,,Active,Production,Sarah Johnson,8,Employee Referral,Fully Meets,4.25,5,3,2020-11-20,3,4
Avery Smith,EMP10778,0,4,1,3,3,0,44906.5,0,13,Sales Representative,NY,25741,1999-02-14,M,Married,US Citizen,Yes,White,2010-06-14,,,Active,Sales,Patricia Thomas,3,LinkedIn,Fully Meets,4.75,3,1,2011-01-14,3,9
Jordan Garcia,EMP10779,1,3,1,1,2,0,63904.49,0,16,Production Technician II,NY,74842,2000-07-15,F,Single,US Citizen,No,White,2010-10-10,,,Active,Production,Jennifer Davis,2,Website,Partially Meets,2.18,3,1,2022-04-11,1,6
Harper White,EMP10780,0,1,1,4,3,0,54731.15,0,4,Administrative Assistant,CT,71093,1963-05-13,F,Separated,US Citizen,No,White,2021-04-29,,,Active,Admin Offices,Lisa Miller,5,LinkedIn,Fully Meets,3.84,3,4,2025-12-31,1,1
Reese Anderson,EMP10781,0,4,1,1,3,0,51217.07,0,4,Production Manager,MA,72318,1993-11-08,M,Single,US Citizen,No,Two or More Races,2014-06-26,,,Active,Production,Lisa Miller,6,Website,Fully Meets,3.64,3,2,2016-08-15,4,9
Skyler Miller,EMP10782,0,4,1,1,3,0,87411.71,0,19,Production Technician II,MA,66473,1967-02-28,M,Single,US Citizen,No,Hispanic,2024-11-10,,,Active,Production,Michael Smith,6,CareerBuilder,Fully Meets,4.01,2,1,2025-12-31,4,4
Alex Miller,EMP10783,1,5,1,4,3,0,73642.62,0,19,Administrative Assistant,MA,16688,1991-05-27,F,Single,US Citizen,No,White,2016-11-16,,,Active,Admin Offices,Emily White,8,CareerBuilder,Fully Meets,2.41,4,0,2025-12-31,2,6
Logan Thompson,EMP10784,0,5,1,1,3,0,68172.08,0,2,Area Sales Manager,RI,98625,1987-03-18,F,Married,US Citizen,No,White,2020-10-08,,,Active,Production,Daniel Jackson,8,LinkedIn,Fully Meets,4.44,3,2,2025-12-31,1,9
Parker Clark,EMP10785,0,2,1,1,4,0,60617.02,0,7,Area Sales Manager,NJ,96006,1996-08-12,F,Married,US Citizen,No,Two or More Races,2015-12-10,,,Active,Production,Michael Smith,6,Employee Referral,Exceeds,3.56,5,2,2016-05-05,4,3
Rowan Clark,EMP10786,0,3,1,1,3,0,35324.09,0,12,Production Manager,MA,48293,1975-04-16,M,Married,US Citizen,No,Two or More Races,2018-02-10,,,Active,Production,Lisa Miller,10,CareerBuilder,Fully Meets,2.76,3,2,2022-08-19,2,7
Jordan Davis,EMP10787,0,3,1,2,3,0,67063.19,0,15,Network Engineer,MA,10849,1993-02-14,M,Single,US Citizen,Yes,Asian,2010-08-17,,,Active,IT/IS,Emily White,3,Google Search,Fully Meets,4.13,3,0,2020-10-10,4,1
Skyler Smith,EMP10788,1,3,1,2,4,0,54595.07,0,1,Database Administrator,NY,47527,1998-06-01,F,Married,US Citizen,No,White,2015-01-29,,,Active,IT/IS,,10,Google Search,Exceeds,3.96,4,2,2021-01-27,4,2
Parker Robinson,EMP10789,1,2,1,3,4,0,48002.36,0,16,Sales Representative,RI,95125,1998-04-30,M,Divorced,US Citizen,No,White,2022-05-22,,,Active,Sales,Daniel Jackson,7,Indeed,Exceeds,5.0,2,3,2024-05-30,0,5
Emerson Smith,EMP10790,0,3,5,4,2,0,30000.0,1,6,Office Manager,MA,65013,1993-07-21,F,Married,US Citizen,No,White,2012-08-07,2015-07-06,Attendance,Terminated,Admin Offices,Lisa Miller,7,Diversity Job Fair,Partially Meets,3.61,2,2,2025-01-08,1,4
Sam Anderson,EMP10791,1,5,1,1,3,0,61567.6,0,17,Production Manager,CT,35959,1969-04-30,F,Married,US Citizen,No,White,2014-11-11,,,Active,Production,Robert Wilson,10,Indeed,Fully Meets,2.0,2,2,2022-11-29,1,4
Blake Thomas,EMP10792,0,3,1,1,3,0,30000.0,0,2,Production Technician II,NJ,44027,1988-06-04,F,Married,US Citizen,No,White,2020-03-04,,,Active,Production,David Brown,5,Other,Fully Meets,3.31,3,1,2025-12-31,2,3
Skyler Miller,EMP10793,0,1,1,1,3,0,89589.36,0,5,Production Technician I,MA,91499,1987-04-07,F,Divorced,US Citizen,No,Asian,2021-05-04,,,Active,Production,Lisa Miller,1,Indeed,Fully Meets,2.68,3,2,2025-12-31,1,5
Logan Wilson,EMP10794,0,2,1,2,3,0,69864.61,0,8,Network Engineer,NY,47178,1983-01-02,M,Single,Eligible NonCitizen,No,American Indian or Alaska Native,2011-09-15,,,Active,IT/IS,Michael Smith,9,Indeed,Fully Meets,2.94,4,0,2014-10-06,3,6
Emerson Taylor,EMP10795,0,3,1,2,2,0,67129.66,0,17,IT Manager,NY,99893,1977-11-02,F,Married,US Citizen,No,Asian,2017-01-26,,,Active,IT/IS,Patricia Thomas,9,Diversity Job Fair,Partially Meets,1.4,5,2,2018-09-24,0,6
Avery Lewis,EMP10796,1,4,1,5,3,1,45065.79,0,13,Senior Software Engineer,MA,76334,1992-12-15,F,Single,US Citizen,No,White,2020-03-22,,,Active,Software Engineering,David Brown,6,LinkedIn,Fully Meets,3.13,5,0,2020-12-15,2,4
Skyler Jackson,EMP10797,0,4,1,4,2,0,43587.48,0,20,Human Resources,NJ,27606,1960-06-27,F,Divorced,US Citizen,No,Black or African American,2014-07-27,,,Active,Admin Offices,Daniel Jackson,9,Employee Referral,Partially Meets,3.78,1,2,2021-09-29,4,5
Taylor Thomas,EMP10798,0,4,1,1,3,0,44280.39,0,20,Production Technician II,NY,18512,1963-11-25,M,Married,US Citizen,Yes,Asian,2014-01-23,,,Active,Production,Daniel Jackson,2,Other,Fully Meets,4.12,5,1,2014-05-20,1,5
Quinn Robinson,EMP10799,0,1,1,1,3,0,73823.1,0,16,Area Sales Manager,NY,75486,1963-06-23,M,Divorced,US Citizen,No,Hispanic,2015-11-18,,,Active,Production,David Brown,7,LinkedIn,Fully Meets,3.93,4,1,2025-12-31,0,4
Drew Robinson,EMP10800,0,1,1,2,3,1,92914.59,0,4,Network Engineer,MA,22719,1971-10-01,F,Married,US Citizen,No,Black or African American,2014-06-19,,,Active,IT/IS,Sarah Johnson,1,LinkedIn,Fully Meets,4.0,3,1,2020-09-02,2,3
Rowan Robinson,EMP10801,0,3,1,5,4,0,38648.8,0,1,Senior Software Engineer,RI,77502,1990-06-22,F,Single,US Citizen,No,White,2020-07-12,,,Active,Software Engineering,James Anderson,9,Other,Exceeds,4.25,4,1,2025-12-31,1,7
Rowan Martin,EMP10802,1,1,1,1,3,0,42544.03,0,3,Area Sales Manager,NJ,51327,1992-05-21,M,Separated,US Citizen,Yes,White,2015-12-21,,,Active,Production,Jennifer Davis,1,CareerBuilder,Fully Meets,2.8,5,0,2020-04-10,2,8
Logan Johnson,EMP10803,0,3,1,1,3,1,48628.68,0,15,Production Technician II,MA,81026,1999-01-11,M,Divorced,US Citizen,No,Black or African American,2022-07-16,,,Active,Production,Michael Smith,5,LinkedIn,Fully Meets,4.62,4,1,2025-12-31,3,4
Avery Garcia,EMP10804,0,1,1,4,3,0,49788.71,0,11,Administrative Assistant,NY,79126,1986-05-22,M,Married,US Citizen,No,Asian,2016-08-16,,,Active,Admin Offices,Lisa Miller,6,LinkedIn,Fully Meets,3.41,1,4,2025-12-31,1,9
Casey Martinez,EMP10805,0,4,1,2,3,0,78802.36,0,8,Network Engineer,MA,57897,1970-07-07,M,Married,US Citizen,No,Hispanic,2019-11-25,,,Active,IT/IS,David Brown,6,Indeed,Fully Meets,2.93,3,1,2025-12-31,2,7
Casey Martinez,EMP10806,0,5,1,5,3,0,35779.09,0,10,Software Engineering Manager,MA,18400,1969-08-07,F,Married,US Citizen,No,Hispanic,2011-03-10,,,Active,Software Engineering,James Anderson,3,Employee Referral,Fully Meets,3.8,4,1,2014-03-15,0,3
Blake Martinez,EMP10807,0,5,1,5,2,0,102739.38,0,8,Software Engineering Manager,MA,39200,1978-01-06,M,Married,US Citizen,No,White,2022-08-13,,,Active,Software Engineering,Patricia Thomas,4,CareerBuilder,Partially Meets,2.02,3,2,2025-12-31,2,3
Drew Clark,EMP10808,0,2,1,5,2,1,62319.26,0,8,Senior Software Engineer,MA,24231,1991-12-25,F,Married,US Citizen,No,White,2016-09-09,,,Active,Software Engineering,David Brown,6,Indeed,Partially Meets,2.23,4,0,2022-12-27,3,8
Reese Anderson,EMP10809,0,2,1,3,2,0,73382.06,0,11,Sales Representative,PA,45068,1970-02-25,F,Separated,US Citizen,No,White,2011-06-18,,,Active,Sales,Daniel Jackson,6,Indeed,Partially Meets,3.65,5,1,2023-03-25,0,3
Taylor Johnson,EMP10810,1,1,1,1,1,0,30000.0,0,13,Production Manager,CT,69276,1994-01-12,F,Divorced,Eligible NonCitizen,No,White,2016-09-14,,,Active,Production,David Brown,10,CareerBuilder,PIP,2.49,3,1,2021-10-08,2,4
Jamie Wilson,EMP10811,0,4,1,1,3,0,33777.12,0,4,Area Sales Manager,NY,17979,1972-02-14,F,Married,US Citizen,No,Asian,2018-10-30,,,Active,Production,Emily White,6,Google Search,Fully Meets,3.09,4,2,2023-03-09,0,5
Logan Jackson,EMP10812,1,1,1,1,2,0,69715.62,0,2,Production Manager,NJ,71722,1980-07-28,M,Single,US Citizen,No,White,2014-11-07,,,Active,Production,Sarah Johnson,3,Other,Partially Meets,4.22,3,4,2025-12-31,0,6
Quinn Johnson,EMP10813,0,3,1,2,1,0,30000.0,0,19,Database Administrator,NY,64288,1987-01-25,M,Married,US Citizen,No,White,2013-12-09,,,Active,IT/IS,Patricia Thomas,9,Indeed,PIP,4.34,4,0,2022-01-02,0,3
Casey Harris,EMP10814,1,1,1,5,3,0,59672.42,0,15,Software Engineer,CT,66227,1981-11-06,F,Married,US Citizen,No,White,2015-10-16,,,Active,Software Engineering,Robert Wilson,8,Indeed,Fully Meets,3.18,3,0,2023-12-07,3,7
Skyler Garcia,EMP10815,1,4,1,5,3,0,56745.54,0,3,Senior Software Engineer,NH,92378,1977-11-15,M,Divorced,US Citizen,No,Hispanic,2016-11-13,,,Active,Software Engineering,Jennifer Davis,3,Indeed,Fully Meets,2.96,4,0,2019-12-19,4,7
Avery Davis,EMP10816,0,5,1,1,3,0,39301.97,0,15,Production Technician II,MA,11945,1985-08-17,F,Married,US Citizen,No,Black or African American,2014-08-02,,,Active,Production,David Brown,1,CareerBuilder,Fully Meets,2.94,5,0,2025-12-31,2,8
Sam Moore,EMP10817,0,1,5,6,2,0,66458.62,1,19,Executive Assistant,MA,84994,1979-05-24,F,Widowed,US Citizen,No,Black or African American,2021-03-23,2023-09-20,Attendance,Terminated,Executive Office,David Brown,6,CareerBuilder,Partially Meets,3.67,5,0,2025-12-31,2,6
Skyler Clark,EMP10818,1,2,1,3,3,0,69539.77,0,12,Area Sales Manager,NY,47910,1987-02-02,M,Married,US Citizen,No,White,2013-08-09,,,Active,Sales,Patricia Thomas,5,CareerBuilder,Fully Meets,3.81,4,2,2024-10-03,0,5
Morgan Clark,EMP10819,0,1,1,5,3,0,46758.11,0,10,Software Engineering Manager,CT,61838,1976-04-22,F,Single,US Citizen,No,Hispanic,2020-01-21,,,Active,Software Engineering,Jennifer Davis,7,CareerBuilder,Fully Meets,3.47,1,1,2025-12-31,1,5
Skyler Jackson,EMP10820,0,5,1,1,1,0,101918.27,0,8,Production Manager,MA,48840,1971-07-31,M,Single,US Citizen,No,White,2015-10-22,,,Active,Production,David Brown,1,Indeed,PIP,4.38,2,3,2021-05-14,1,7
Alex Thompson,EMP10821,0,2,1,1,3,0,31619.22,0,13,Production Technician I,NJ,26119,1984-12-09,F,Widowed,US Citizen,No,White,2021-03-14,,,Active,Production,Jennifer Davis,4,LinkedIn,Fully Meets,2.26,4,1,2025-06-30,2,3
Jamie Lewis,EMP10822,0,1,5,1,2,0,38390.21,1,20,Area Sales Manager,RI,19643,1965-03-31,M,Divorced,US Citizen,No,White,2018-12-27,2025-01-11,Performance,Terminated,Production,Jennifer Davis,10,Indeed,Partially Meets,4.39,5,2,2025-12-31,4,7
Jamie Miller,EMP10823,0,2,5,3,3,0,51728.33,1,15,Sales Representative,NJ,27613,1990-04-11,F,Married,US Citizen,No,White,2019-04-12,2021-02-13,Better Opportunity,Terminated,Sales,Lisa Miller,7,LinkedIn,Fully Meets,5.0,1,3,2021-03-23,1,2
Skyler Davis,EMP10824,0,5,1,3,4,0,84343.1,0,8,Area Sales Manager,MA,71359,1973-11-30,M,Widowed,US Citizen,No,White,2024-07-24,,,Active,Sales,Emily White,3,CareerBuilder,Exceeds,3.06,3,0,2025-12-31,2,6
Reese Thomas,EMP10825,1,2,1,5,3,0,83786.28,0,20,Software Engineering Manager,NY,95784,1993-11-26,M,Single,Eligible NonCitizen,No,White,2015-11-18,,,Active,Software Engineering,Emily White,10,Other,Fully Meets,2.58,4,1,2019-12-28,2,3
Avery Thomas,EMP10826,1,2,5,1,3,0,57099.4,1,16,Area Sales Manager,RI,90996,1992-09-13,F,Single,US Citizen,Yes,White,2024-02-18,2025-10-14,Dissatisfaction,Terminated,Production,Robert Wilson,5,Website,Fully Meets,3.03,4,2,2025-12-31,2,4
Morgan Miller,EMP10827,0,4,1,1,3,0,64709.47,0,2,Production Technician I,CT,30564,1978-07-01,F,Married,US Citizen,No,White,2015-12-07,,,Active,Production,Lisa Miller,7,Indeed,Fully Meets,4.6,3,1,2025-12-31,1,7
Riley Jackson,EMP10828,0,2,1,4,3,1,30000.0,0,13,Office Manager,MA,60178,1977-11-13,F,Single,US Citizen,Yes,White,2015-11-23,,,Active,Admin Offices,James Anderson,4,LinkedIn,Fully Meets,3.44,4,2,2025-12-31,1,5
Riley Clark,EMP10829,0,1,1,1,3,0,32765.56,0,6,Production Manager,CT,95618,1966-03-17,F,Divorced,US Citizen,Yes,White,2015-08-25,,,Active,Production,Sarah Johnson,1,Google Search,Fully Meets,3.04,3,1,2021-07-16,1,5
Harper Garcia,EMP10830,0,4,1,2,4,0,51413.16,0,16,IT Support,MA,39923,1999-08-02,F,Single,US Citizen,No,American Indian or Alaska Native,2019-08-14,,,Active,IT/IS,Robert Wilson,5,Other,Exceeds,3.46,4,0,2025-12-31,2,3
Rowan Martin,EMP10831,0,2,1,1,3,0,49680.71,0,5,Production Technician I,MA,45045,1969-09-29,F,Married,US Citizen,No,Two or More Races,2021-02-11,,,Active,Production,James Anderson,9,Google Search,Fully Meets,3.93,4,1,2025-06-11,5,4
Jamie Lewis,EMP10832,0,2,1,1,3,0,74430.08,0,11,Production Technician I,CT,66266,1966-01-10,M,Single,US Citizen,No,Black or African American,2020-10-02,,,Active,Production,Robert Wilson,10,Indeed,Fully Meets,2.11,3,1,2022-12-12,0,3
Riley Robinson,EMP10833,0,1,1,1,3,1,72789.69,0,6,Area Sales Manager,PA,25168,1998-07-29,M,Married,US Citizen,Yes,White,2016-09-05,,,Active,Production,David Brown,6,Google Search,Fully Meets,4.18,5,0,2018-12-29,0,6
Avery Moore,EMP10834,0,2,5,1,2,0,64388.71,1,6,Production Technician I,MA,34962,1979-05-01,F,Divorced,Eligible NonCitizen,No,Black or African American,2021-11-12,2024-10-05,Better Opportunity,Terminated,Production,Jennifer Davis,3,Employee Referral,Partially Meets,3.54,3,0,2025-12-31,1,4
Parker Thompson,EMP10835,0,3,1,1,3,0,50715.09,0,19,Production Technician I,NY,92721,1963-05-25,F,Single,US Citizen,No,Asian,2018-04-29,,,Active,Production,Patricia Thomas,2,Indeed,Fully Meets,3.6,5,3,2020-08-18,1,1
Casey Smith,EMP10836,0,1,1,2,4,0,91907.38,0,18,IT Manager,RI,68103,1965-05-13,F,Married,Eligible NonCitizen,No,White,2018-08-05,,,Active,IT/IS,Daniel Jackson,2,Employee Referral,Exceeds,3.96,3,3,,1,4
Alex Martin,EMP10837,0,1,1,1,3,0,71701.32,0,5,Area Sales Manager,CT,51933,1997-03-17,M,Married,US Citizen,No,Asian,2010-11-06,,,Active,Production,Robert Wilson,4,CareerBuilder,Fully Meets,3.48,4,1,2016-06-08,4,7
Alex Miller,EMP10838,0,1,5,1,2,0,66990.32,1,14,Production Technician I,MA,36694,1993-05-24,F,Single,US Citizen,No,Black or African American,2019-09-18,2020-01-19,Attendance,Terminated,Production,James Anderson,8,Website,Partially Meets,3.88,2,1,2025-12-31,3,8
Morgan Miller,EMP10839,0,1,1,3,3,0,30351.79,0,18,Sales Representative,RI,29069,1985-07-16,F,Married,US Citizen,No,White,2019-06-05,,,Active,Sales,James Anderson,5,Indeed,Fully Meets,3.92,4,1,2025-12-31,2,4
Emerson Harris,EMP10840,0,5,1,5,3,0,90186.65,0,17,Software Engineer,MA,37715,1983-01-22,M,Widowed,US Citizen,No,White,2018-04-11,,,Active,Software Engineering,Lisa Miller,10,Indeed,Fully Meets,2.8,5,0,2023-07-27,1,7
Sam Robinson,EMP10841,1,1,1,1,3,0,40705.03,0,13,Production Technician I,PA,62741,1978-09-15,M,Married,US Citizen,No,American Indian or Alaska Native,2022-09-17,,,Active,Production,Sarah Johnson,8,Website,Fully Meets,2.98,3,0,2025-12-31,3,8
Skyler Harris,EMP10842,0,5,1,1,4,0,45284.59,0,1,Production Technician II,CT,22922,1986-04-10,F,Married,US Citizen,No,Two or More Races,2011-05-03,,,Active,Production,Robert Wilson,8,Employee Referral,Exceeds,2.55,4,2,2022-01-04,0,7
Taylor Johnson,EMP10843,0,5,1,1,2,0,30000.0,0,14,Area Sales Manager,NY,70424,1992-03-28,F,Married,US Citizen,No,White,2017-02-02,,,Active,Production,Michael Smith,9,Employee Referral,Partially Meets,4.37,3,2,2018-10-23,3,5
Avery Anderson,EMP10844,0,5,1,2,4,1,34659.02,0,18,Database Administrator,NY,43576,1966-10-24,M,Single,US Citizen,No,Asian,2016-01-08,,,Active,IT/IS,Sarah Johnson,8,Indeed,Exceeds,2.11,4,2,2024-07-13,2,1
Sam Taylor,EMP10845,0,3,1,5,2,0,52337.03,0,4,Senior Software Engineer,NY,83087,1975-07-14,M,Married,US Citizen,Yes,White,2013-01-04,,,Active,Software Engineering,David Brown,6,Website,Partially Meets,4.63,4,2,2021-11-04,2,3
Avery Wilson,EMP10846,0,3,5,1,4,0,47129.53,1,1,Production Technician II,NY,14947,1960-08-10,F,Separated,US Citizen,No,White,2023-08-20,2024-11-07,Better Opportunity,Terminated,Production,Michael Smith,7,Diversity Job Fair,Exceeds,4.34,1,1,2025-12-31,1,5
Cameron White,EMP10847,0,4,1,2,2,0,30000.0,0,13,IT Support,CT,33677,1970-10-10,F,Divorced,US Citizen,Yes,White,2024-01-21,,,Active,IT/IS,Michael Smith,5,Indeed,Partially Meets,4.33,2,1,2025-12-31,4,5
Rowan Garcia,EMP10848,0,4,5,2,3,0,55642.74,1,15,Network Engineer,NY,72263,1966-08-05,M,Single,US Citizen,No,White,2022-08-05,2025-01-18,Better Opportunity,Terminated,IT/IS,Robert Wilson,1,Employee Referral,Fully Meets,3.64,4,1,2025-12-31,1,6
Jamie Robinson,EMP10849,0,3,1,1,3,0,54461.98,0,17,Production Technician II,NY,52064,1999-09-30,M,Single,US Citizen,Yes,White,2012-12-29,,,Active,Production,Jennifer Davis,10,Website,Fully Meets,4.95,5,2,2017-06-26,3,0
Quinn Brown,EMP10850,0,1,1,1,4,0,114219.6,0,11,Production Technician II,MA,78678,1988-01-22,F,Married,US Citizen,No,Two or More Races,2014-06-01,,,Active,Production,Patricia Thomas,9,Indeed,Exceeds,4.27,4,4,2017-07-12,2,5
Drew Garcia,EMP10851,1,3,1,3,3,0,59199.35,0,3,Sales Representative,MA,63341,1967-10-13,F,Single,US Citizen,No,White,2022-08-08,,,Active,Sales,Daniel Jackson,5,CareerBuilder,Fully Meets,2.58,2,0,2025-12-31,1,4
Avery Harris,EMP10852,0,5,5,5,3,0,30300.65,1,11,Software Engineer,MA,28448,1986-07-03,F,Separated,US Citizen,No,Black or African American,2024-08-06,2025-11-28,Better Opportunity,Terminated,Software Engineering,Patricia Thomas,1,Website,Fully Meets,3.73,4,1,2025-12-03,0,10
Alex Johnson,EMP10853,0,2,1,1,3,1,36706.53,0,7,Area Sales Manager,RI,71550,1982-08-15,F,Single,US Citizen,No,Two or More Races,2012-10-22,,,Active,Production,Michael Smith,7,CareerBuilder,Fully Meets,2.89,5,1,2025-04-25,1,6
Harper Lewis,EMP10854,0,3,1,2,2,0,56106.85,0,4,IT Manager,MA,12801,1968-03-04,F,Separated,US Citizen,No,White,2020-11-25,,,Active,IT/IS,Lisa Miller,6,LinkedIn,Partially Meets,3.83,4,1,2021-06-28,1,2
Rowan Martinez,EMP10855,0,3,1,1,2,0,31022.87,0,3,Production Manager,PA,75381,1986-02-03,F,Married,US Citizen,No,White,2024-06-09,,,Active,Production,Sarah Johnson,9,Employee Referral,Partially Meets,3.05,4,3,2025-12-31,3,9
Parker Thompson,EMP10856,0,1,5,1,3,0,42911.97,1,14,Area Sales Manager,CT,39356,1992-09-05,F,Divorced,US Citizen,No,Black or African American,2018-12-29,2022-06-08,End of Contract,Terminated,Production,Sarah Johnson,6,Diversity Job Fair,Fully Meets,2.6,2,1,2021-05-29,1,5
Reese Thompson,EMP10857,0,1,1,3,2,0,32477.19,0,14,Sales Manager,MA,55459,2000-10-12,F,Single,US Citizen,No,Black or African American,2014-02-02,,,Active,Sales,James Anderson,5,Google Search,Partially Meets,3.54,3,2,2021-03-25,6,7
Skyler Thomas,EMP10858,0,4,1,1,2,0,35963.14,0,8,Production Technician II,NJ,83544,1979-10-23,F,Single,US Citizen,No,White,2016-08-09,,,Active,Production,David Brown,10,Diversity Job Fair,Partially Meets,3.57,4,2,2025-12-31,1,5
Reese Martin,EMP10859,1,4,1,1,2,0,50412.34,0,10,Area Sales Manager,PA,58174,1980-04-01,F,Single,US Citizen,No,American Indian or Alaska Native,2024-08-10,,,Active,Production,Lisa Miller,1,Indeed,Partially Meets,3.64,5,0,2025-06-10,2,11
Casey Miller,EMP10860,0,1,1,1,2,0,57909.15,0,2,Area Sales Manager,MA,74886,1991-09-17,M,Married,US Citizen,No,White,2010-04-18,,,Active,Production,Sarah Johnson,10,Other,Partially Meets,3.13,3,2,2013-04-18,0,2
Blake Harris,EMP10861,0,5,1,6,1,0,61469.56,0,12,Executive Assistant,MA,22190,1989-05-28,F,Divorced,US Citizen,No,Asian,2013-06-21,,,Active,Executive Office,Daniel Jackson,9,Website,PIP,4.98,1,0,2021-05-31,5,3
Emerson White,EMP10862,0,2,5,5,3,0,36419.94,1,18,Software Engineering Manager,MA,21863,1998-07-12,F,Single,US Citizen,Yes,Hispanic,2022-12-23,2023-04-17,Higher Pay,Terminated,Software Engineering,David Brown,10,Employee Referral,Fully Meets,3.26,2,0,2025-12-31,3,3
Casey Jackson,EMP10863,1,4,1,1,2,0,38867.48,0,3,Production Manager,CT,17479,2000-04-03,F,Single,US Citizen,No,American Indian or Alaska Native,2013-03-03,,,Active,Production,Emily White,2,LinkedIn,Partially Meets,3.73,4,2,2019-12-14,1,7
Alex Jackson,EMP10864,1,5,1,4,3,0,94707.03,0,14,Office Manager,NY,51850,1990-05-23,M,Divorced,US Citizen,No,Black or African American,2010-10-15,,,Active,Admin Offices,Patricia Thomas,2,LinkedIn,Fully Meets,1.85,4,0,2013-12-06,4,7
Cameron Smith,EMP10865,0,3,1,5,3,0,30714.64,0,18,Software Engineer,MA,18844,1985-04-09,F,Single,US Citizen,No,White,2021-09-09,,,Active,Software Engineering,Lisa Miller,6,LinkedIn,Fully Meets,4.44,1,3,2025-12-31,2,5
Emerson Wilson,EMP10866,0,3,1,3,1,0,64428.85,0,8,Sales Manager,NY,22458,1971-12-27,F,Married,US Citizen,No,Black or African American,2010-03-07,,,Active,Sales,Emily White,10,Employee Referral,PIP,3.09,4,1,2022-02-07,1,5
Jamie Lewis,EMP10867,1,4,1,5,3,0,53644.14,0,10,Software Engineer,MA,43163,1967-12-13,F,Married,US Citizen,No,White,2019-04-26,,,Active,Software Engineering,Lisa Miller,5,LinkedIn,Fully Meets,3.65,5,1,2021-07-05,3,6
Riley Clark,EMP10868,0,5,1,2,1,0,59649.89,0,8,Network Engineer,RI,75563,1970-10-01,M,Single,US Citizen,No,White,2016-03-29,,,Active,IT/IS,Jennifer Davis,2,Google Search,PIP,4.22,3,1,2017-03-27,0,3
Jordan Clark,EMP10869,0,1,1,1,4,0,30000.0,0,1,Production Technician I,CT,78530,1960-11-17,F,Married,US Citizen,No,Two or More Races,2019-09-03,,,Active,Production,Daniel Jackson,4,CareerBuilder,Exceeds,4.05,5,0,2025-12-31,3,9
Quinn Wilson,EMP10870,0,5,1,2,3,0,62195.03,0,14,IT Support,CT,73687,2000-08-11,M,Widowed,US Citizen,No,White,2023-01-01,,,Active,IT/IS,Jennifer Davis,2,Employee Referral,Fully Meets,3.81,3,1,2025-12-31,2,5
Rowan Garcia,EMP10871,0,5,5,1,3,0,44499.83,1,20,Production Technician II,MA,27182,1962-11-27,F,Single,US Citizen,Yes,White,2023-02-24,2025-11-28,Attendance,Terminated,Production,Robert Wilson,4,Indeed,Fully Meets,2.78,2,2,2024-06-25,1,5
Jordan Brown,EMP10872,0,1,1,1,4,0,56637.45,0,16,Production Manager,NJ,70161,1991-01-08,M,Married,US Citizen,No,Asian,2017-08-22,,,Active,Production,James Anderson,1,CareerBuilder,Exceeds,2.92,5,2,2019-07-17,1,4
Avery Smith,EMP10873,1,5,1,1,3,0,33814.59,0,16,Production Manager,MA,82917,1967-03-18,M,Married,US Citizen,No,Hispanic,2014-06-01,,,Active,Production,Daniel Jackson,10,Employee Referral,Fully Meets,,3,1,2015-07-03,4,7
Riley Taylor,EMP10874,0,2,1,1,2,0,43771.56,0,11,Production Technician I,NY,31083,1983-04-11,M,Married,US Citizen,No,White,2010-02-25,,,Active,Production,Jennifer Davis,1,Employee Referral,Partially Meets,2.98,2,1,2014-11-06,2,6
Jordan Garcia,EMP10875,0,3,1,2,4,0,75513.7,0,5,IT Support,MA,82978,2000-11-24,F,Separated,US Citizen,No,Asian,2012-05-25,,,Active,IT/IS,Robert Wilson,4,Website,Exceeds,3.62,5,1,2017-03-07,1,6
Logan Anderson,EMP10876,0,2,5,5,3,0,42132.37,1,18,Senior Software Engineer,MA,26043,1961-02-21,F,Married,US Citizen,No,White,2010-08-07,2019-09-22,Relocation,Terminated,Software Engineering,Robert Wilson,1,LinkedIn,Fully Meets,3.78,2,2,2019-11-16,0,2
Harper Taylor,EMP10877,0,3,1,1,3,0,42864.74,0,4,Production Technician II,NY,69444,1993-06-29,F,Married,US Citizen,No,White,2018-03-10,,,Active,Production,Michael Smith,3,Employee Referral,Fully Meets,3.83,3,1,2025-12-31,0,3
Jordan Garcia,EMP10878,0,3,5,1,3,0,30000.0,1,11,Production Manager,NJ,70255,1973-01-03,F,Single,US Citizen,No,White,2019-01-01,2020-12-31,Better Opportunity,Terminated,Production,Sarah Johnson,7,Indeed,Fully Meets,3.78,5,0,2025-12-31,0,12
Harper Jackson,EMP10879,1,2,1,6,1,0,51553.39,0,16,Executive Assistant,RI,44070,1981-08-17,F,Single,US Citizen,No,White,2024-08-28,,,Active,Executive Office,Jennifer Davis,4,Google Search,PIP,2.7,4,1,2025-12-31,1,3
Drew Taylor,EMP10880,1,4,1,5,4,0,51889.39,0,9,Senior Software Engineer,MA,21841,2000-11-04,M,Married,US Citizen,No,Two or More Races,2012-04-03,,,Active,Software Engineering,Jennifer Davis,4,Employee Referral,Exceeds,4.06,4,2,2018-09-14,5,2
Drew Davis,EMP10881,0,3,1,3,2,0,63145.75,0,12,Sales Representative,MA,90701,1970-10-10,F,Single,US Citizen,No,White,2010-02-18,,,Active,Sales,Jennifer Davis,7,Employee Referral,Partially Meets,1.81,3,3,2022-07-11,3,5
Morgan Davis,EMP10882,0,2,1,2,3,0,31204.99,0,16,Network Engineer,MA,68018,1978-09-04,F,Separated,US Citizen,No,White,2017-05-18,,,Active,IT/IS,Daniel Jackson,7,LinkedIn,Fully Meets,4.01,5,0,2020-02-27,1,6
Drew Martin,EMP10883,0,5,5,4,3,0,45828.12,1,14,Administrative Assistant,NJ,48171,1987-02-28,M,Single,Eligible NonCitizen,No,White,2015-05-09,2019-06-22,Relocation,Terminated,Admin Offices,James Anderson,10,Employee Referral,Fully Meets,2.39,4,2,2025-12-31,3,2
Drew Thompson,EMP10884,0,5,1,3,3,1,47036.75,0,3,Area Sales Manager,RI,57871,1976-07-03,M,Single,Eligible NonCitizen,No,White,2015-11-17,,,Active,Sales,Patricia Thomas,10,Indeed,Fully Meets,3.64,2,1,2021-08-29,3,10
Reese Clark,EMP10885,0,2,5,1,2,0,63650.87,1,4,Area Sales Manager,NH,56027,1988-10-25,M,Married,Eligible NonCitizen,No,Black or African American,2024-12-22,2025-10-19,Higher Pay,Terminated,Production,Robert Wilson,7,Other,Partially Meets,2.75,2,1,2025-12-31,1,3
Rowan Harris,EMP10886,0,2,1,2,3,0,93804.8,0,10,Database Administrator,NY,16092,1988-02-18,F,Divorced,US Citizen,No,White,2022-04-21,,,Active,IT/IS,Michael Smith,5,CareerBuilder,Fully Meets,1.85,5,2,2022-07-05,1,6
Parker Moore,EMP10887,0,2,1,3,3,0,33045.85,0,16,Area Sales Manager,MA,89196,2000-05-24,M,Divorced,US Citizen,No,Asian,2021-08-02,,,Active,Sales,Michael Smith,4,Employee Referral,Fully Meets,4.1,5,0,2025-10-02,4,3
Parker Smith,EMP10888,0,4,1,2,3,0,64027.27,0,11,Database Administrator,NY,61229,1978-08-17,M,Married,US Citizen,No,Asian,2013-08-13,,,Active,IT/IS,Michael Smith,6,CareerBuilder,Fully Meets,3.88,3,3,2024-04-01,4,7
Avery Wilson,EMP10889,0,3,1,1,3,0,49716.29,0,8,Area Sales Manager,PA,46404,1964-01-07,M,Widowed,US Citizen,No,White,2015-10-17,,,Active,Production,Sarah Johnson,2,Google Search,Fully Meets,2.71,3,1,2024-07-16,1,7
Alex Brown,EMP10890,0,3,1,1,3,0,54108.87,0,7,Production Technician I,MA,27426,1977-07-14,F,Married,US Citizen,No,Asian,2011-02-24,,,Active,Production,Emily White,9,Indeed,Fully Meets,3.52,3,2,2018-02-26,2,5
Reese Thompson,EMP10891,0,4,1,1,3,0,52016.09,0,10,Production Manager,NY,83887,1965-08-30,F,Single,US Citizen,Yes,Two or More Races,2017-09-18,,,Active,Production,Lisa Miller,1,Diversity Job Fair,Fully Meets,3.94,4,3,2021-03-25,5,5
Rowan Smith,EMP10892,0,5,1,1,1,0,71995.05,0,4,Production Technician I,MA,88440,1986-01-14,M,Married,US Citizen,No,Black or African American,2020-07-21,,,Active,Production,Robert Wilson,1,Other,PIP,4.73,4,2,2023-11-05,3,5
Riley Lewis,EMP10893,1,4,1,5,1,0,98397.4,0,11,Senior Software Engineer,MA,34631,1993-04-26,M,Married,US Citizen,No,White,2018-05-15,,,Active,Software Engineering,Daniel Jackson,6,Google Search,PIP,3.63,3,3,2025-12-31,2,6
Logan Martin,EMP10894,0,1,5,1,3,0,124853.91,1,7,Production Technician I,NH,43866,1972-09-19,F,Married,US Citizen,Yes,White,2021-11-17,2023-04-13,Better Opportunity,Terminated,Production,Lisa Miller,7,Indeed,Fully Meets,2.4,4,1,2025-12-31,5,2
Skyler Martinez,EMP10895,1,4,1,1,3,0,50984.05,0,9,Production Technician II,RI,43618,1973-10-23,F,Divorced,US Citizen,Yes,White,2011-03-17,,,Active,Production,Daniel Jackson,5,Employee Referral,Fully Meets,3.74,1,0,2013-01-05,2,2
Logan Wilson,EMP10896,1,4,5,1,3,0,61556.19,1,19,Area Sales Manager,NY,62792,1978-02-21,F,Married,US Citizen,No,Asian,2015-09-02,2015-11-02,Better Opportunity,Terminated,Production,Robert Wilson,7,Google Search,Fully Meets,4.34,3,0,2015-12-09,4,7
Parker Anderson,EMP10897,0,4,1,4,2,0,60308.98,0,19,Human Resources,NY,64890,1990-01-22,F,Married,US Citizen,Yes,White,2020-03-14,,,Active,Admin Offices,David Brown,2,LinkedIn,Partially Meets,3.77,3,3,2021-12-28,0,4
Blake Moore,EMP10898,1,1,1,1,2,0,58634.97,0,3,Area Sales Manager,CT,24442,1991-04-08,F,Widowed,Eligible NonCitizen,No,Asian,2012-09-10,,,Active,Production,Robert Wilson,7,Google Search,Partially Meets,4.36,2,0,2015-01-18,3,7
Reese Davis,EMP10899,1,3,1,1,3,0,88772.34,0,15,Production Manager,MA,41415,1976-12-21,F,Divorced,US Citizen,No,Black or African American,2020-12-16,,,Active,Production,Patricia Thomas,9,CareerBuilder,Fully Meets,3.55,5,3,2022-02-10,1,5
Alex Brown,EMP10900,0,2,5,1,3,0,43337.61,1,20,Production Manager,MA,70681,1966-02-20,M,Married,US Citizen,No,White,2014-03-18,2025-10-06,End of Contract,Terminated,Production,Lisa Miller,3,Employee Referral,Fully Meets,3.6,4,2,2025-12-31,0,8
Sam Brown,EMP10901,0,5,1,1,3,0,43065.88,0,2,Production Manager,CT,56199,1989-05-06,M,Single,US Citizen,Yes,Asian,2015-04-14,,,Active,Production,Sarah Johnson,7,Indeed,Fully Meets,3.4,4,1,2022-04-14,3,3
Sam Martin,EMP10902,0,3,1,2,3,0,71860.92,0,5,IT Manager,MA,67126,1976-01-16,M,Widowed,US Citizen,No,Black or African American,2014-04-05,,,Active,IT/IS,Robert Wilson,3,Indeed,Fully Meets,3.26,4,0,2024-11-02,3,12
Blake Anderson,EMP10903,0,5,5,5,2,0,35076.93,1,2,Senior Software Engineer,MA,84059,1977-05-04,M,Separated,US Citizen,No,White,2019-05-15,2025-09-15,Better Opportunity,Terminated,Software Engineering,Daniel Jackson,8,Other,Partially Meets,3.69,4,1,2025-12-31,4,4
Jamie Davis,EMP10904,0,5,1,5,2,0,67296.12,0,1,Software Engineering Manager,CT,76417,1986-09-16,M,Single,US Citizen,No,White,2012-01-15,,,Active,Software Engineering,Emily White,4,Google Search,Partially Meets,3.98,4,2,2018-08-21,2,5
Morgan Brown,EMP10905,0,4,1,1,4,0,85814.79,0,17,Production Technician II,CT,19056,1981-01-08,F,Married,US Citizen,No,Black or African American,2022-06-06,,,Active,Production,,7,Indeed,Exceeds,4.02,2,2,2025-12-31,0,4
Rowan Miller,EMP10906,0,2,5,1,1,0,30000.0,1,1,Production Technician I,NY,21488,1997-08-16,M,Single,US Citizen,No,White,2023-11-02,2025-08-18,Better Opportunity,Terminated,Production,Robert Wilson,5,LinkedIn,PIP,3.68,3,0,2025-12-31,3,3
Sam Harris,EMP10907,0,5,1,3,2,1,69366.15,0,19,Area Sales Manager,PA,13457,1990-03-14,F,Married,US Citizen,No,White,2021-12-23,,,Active,Sales,James Anderson,1,CareerBuilder,Partially Meets,2.63,3,1,2025-12-31,3,3
Skyler Garcia,EMP10908,0,3,5,1,1,0,40189.35,1,11,Production Technician II,NY,78230,1982-12-23,M,Married,US Citizen,No,Two or More Races,2022-10-04,2022-12-24,Higher Pay,Terminated,Production,James Anderson,6,Other,PIP,3.08,4,0,2025-12-31,2,8
Riley Moore,EMP10909,1,3,1,1,3,0,35366.18,0,15,Production Manager,CT,34197,1985-07-26,M,Single,US Citizen,No,Two or More Races,2020-05-28,,,Active,Production,Robert Wilson,6,LinkedIn,Fully Meets,4.16,5,1,2025-12-31,3,5
Emerson Martin,EMP10910,0,4,5,1,2,0,89641.09,1,10,Production Technician II,PA,46945,1992-10-23,M,Divorced,US Citizen,No,White,2018-08-25,2023-02-03,Better Opportunity,Terminated,Production,David Brown,7,Employee Referral,Partially Meets,4.01,4,4,2018-10-28,2,5
Avery Lewis,EMP10911,0,1,1,1,3,1,75877.9,0,20,Production Technician II,MA,93965,1976-07-18,M,Married,US Citizen,No,White,2012-12-04,,,Active,Production,Sarah Johnson,6,Employee Referral,Fully Meets,3.97,3,2,2025-12-31,3,4
Alex Miller,EMP10912,0,2,1,5,3,0,41200.47,0,1,Software Engineer,MA,24862,1984-11-20,F,Separated,US Citizen,No,Hispanic,2014-08-30,,,Active,Software Engineering,Daniel Jackson,8,Indeed,Fully Meets,2.9,4,1,2021-01-07,3,5
Casey Martinez,EMP10913,0,5,1,4,2,0,37663.29,0,11,Office Manager,MA,13990,1962-12-14,M,Married,US Citizen,No,Asian,2015-04-25,,,Active,Admin Offices,David Brown,9,Indeed,Partially Meets,4.58,2,2,2022-09-18,3,5
Riley Robinson,EMP10914,0,4,1,1,3,0,30000.0,0,7,Production Manager,MA,26502,1975-08-05,M,Married,US Citizen,No,White,2015-02-10,,,Active,Production,Emily White,1,Employee Referral,Fully Meets,4.93,4,2,2020-06-18,1,6
Harper Thompson,EMP10915,0,3,1,1,2,0,80214.93,0,2,Production Technician I,MA,55809,1996-01-02,F,Married,US Citizen,No,White,2019-12-11,,,Active,Production,James Anderson,3,LinkedIn,Partially Meets,3.61,4,1,2025-12-31,2,4
Logan Garcia,EMP10916,0,3,1,1,3,0,52233.28,0,6,Area Sales Manager,MA,88932,1986-07-31,M,Divorced,Eligible NonCitizen,Yes,Two or More Races,2020-03-06,,,Active,Production,James Anderson,4,Google Search,Fully Meets,2.84,4,0,2025-12-31,1,11
Drew Clark,EMP10917,0,4,1,1,3,0,42799.74,0,5,Production Technician I,CT,76088,1962-07-22,M,Single,US Citizen,No,White,2020-03-29,,,Active,Production,Emily White,10,Indeed,Fully Meets,4.09,3,1,2025-12-31,2,8
Harper Thomas,EMP10918,0,5,1,3,2,0,31496.92,0,7,Area Sales Manager,MA,77642,1988-10-17,F,Married,US Citizen,No,Black or African American,2023-09-26,,,Active,Sales,James Anderson,9,Other,Partially Meets,,4,3,2025-12-31,3,9
Harper Johnson,EMP10919,1,2,1,1,2,0,45806.02,0,14,Production Technician I,CT,11615,1976-10-04,M,Married,US Citizen,No,Black or African American,2021-05-14,,,Active,Production,Robert Wilson,1,Other,Partially Meets,4.32,3,1,2025-12-31,3,7
Emerson Martinez,EMP10920,0,4,1,1,3,0,93218.58,0,7,Area Sales Manager,MA,80856,1995-07-06,F,Separated,US Citizen,No,White,2010-06-09,,,Active,Production,Daniel Jackson,8,Employee Referral,Fully Meets,3.64,4,0,2022-08-19,2,4
Morgan Clark,EMP10921,0,5,1,3,2,0,54507.75,0,3,Area Sales Manager,NH,75796,1967-08-14,M,Separated,US Citizen,No,White,2024-06-09,,,Active,Sales,Emily White,7,Website,Partially Meets,4.17,4,0,2025-12-31,1,3
Casey Taylor,EMP10922,0,2,1,1,3,0,75648.6,0,19,Production Technician I,RI,99416,1995-10-23,M,Widowed,US Citizen,No,White,2022-03-18,,,Active,Production,Michael Smith,7,CareerBuilder,Fully Meets,4.28,1,1,2025-05-01,1,5
Taylor Harris,EMP10923,0,2,1,4,3,0,48535.85,0,6,Human Resources,RI,58463,1983-07-31,F,Single,US Citizen,No,White,2018-09-29,,,Active,Admin Offices,Jennifer Davis,8,Employee Referral,Fully Meets,4.05,4,2,,2,3
Jordan Jackson,EMP10924,0,3,1,1,2,0,51588.49,0,17,Production Technician II,RI,80664,1968-03-21,M,Single,US Citizen,No,Black or African American,2021-11-13,,,Active,Production,Lisa Miller,3,Website,Partially Meets,4.12,3,0,2024-12-19,2,2
Rowan Smith,EMP10925,0,1,1,1,3,0,34080.42,0,15,Production Technician I,NY,26421,1998-05-21,M,Married,US Citizen,No,White,2012-07-16,,,Active,Production,Patricia Thomas,10,Website,Fully Meets,3.24,3,2,2016-10-20,2,11
Skyler Martin,EMP10926,0,2,5,4,3,0,64681.68,1,19,Human Resources,NH,91027,1970-02-16,M,Single,US Citizen,No,White,2018-02-26,2023-08-07,Performance,Terminated,Admin Offices,Patricia Thomas,7,LinkedIn,Fully Meets,4.46,2,2,2025-12-31,3,1
Riley Johnson,EMP10927,0,3,1,1,3,1,50861.57,0,12,Production Technician II,MA,64158,1968-05-22,F,Divorced,US Citizen,Yes,White,2015-02-08,,,Active,Production,Lisa Miller,3,CareerBuilder,Fully Meets,3.32,2,1,2019-05-12,1,3
Harper Johnson,EMP10928,0,1,1,1,3,0,30000.0,0,13,Production Manager,NY,22719,2000-02-02,F,Divorced,US Citizen,Yes,White,2015-05-28,,,Active,Production,James Anderson,1,LinkedIn,Fully Meets,3.84,4,1,2024-07-11,4,6
Taylor Garcia,EMP10929,1,4,1,1,3,0,48308.18,0,8,Area Sales Manager,CT,77133,1979-12-10,F,Married,US Citizen,No,Black or African American,2021-05-20,,,Active,Production,Robert Wilson,1,Website,Fully Meets,3.71,3,1,2025-12-31,1,7
Sam Clark,EMP10930,0,5,1,1,3,0,36046.79,0,11,Production Technician I,NY,52782,1993-07-04,M,Divorced,US Citizen,Yes,White,2012-03-25,,,Active,Production,Patricia Thomas,5,Indeed,Fully Meets,2.93,5,1,2025-07-16,3,4
Cameron Thompson,EMP10931,0,4,1,1,3,0,57426.6,0,12,Area Sales Manager,NY,55473,1987-08-24,F,Married,US Citizen,No,Black or African American,2016-06-28,,,Active,Production,David Brown,4,Employee Referral,Fully Meets,3.36,3,1,2024-09-04,2,8
Reese Martin,EMP10932,0,2,1,4,3,1,116556.71,0,7,Office Manager,MA,82361,1960-04-07,M,Married,US Citizen,No,White,2012-06-09,,,Active,Admin Offices,Patricia Thomas,1,Website,Fully Meets,3.76,2,2,2020-01-18,2,7
Jordan White,EMP10933,0,3,1,1,3,1,31829.68,0,8,Area Sales Manager,MA,87311,1998-12-10,M,Single,US Citizen,No,White,2023-07-13,,,Active,Production,David Brown,9,Indeed,Fully Meets,3.34,5,0,2025-12-31,2,6
Riley Brown,EMP10934,0,1,1,1,2,0,30000.0,0,10,Production Manager,NY,24634,1967-08-09,F,Married,US Citizen,No,Asian,2013-11-29,,,Active,Production,Jennifer Davis,8,LinkedIn,Partially Meets,4.26,3,0,2023-06-21,2,8
Drew Clark,EMP10935,0,5,1,1,2,0,96987.56,0,12,Production Technician II,CT,22272,1991-09-22,M,Widowed,US Citizen,No,White,2010-09-09,,,Active,Production,Michael Smith,7,Indeed,Partially Meets,3.15,1,2,2023-06-10,1,7
Taylor Clark,EMP10936,0,1,1,1,3,0,40540.97,0,2,Area Sales Manager,NY,91827,1981-01-29,F,Married,US Citizen,No,Black or African American,2014-08-05,,,Active,Production,Daniel Jackson,7,Employee Referral,Fully Meets,3.68,2,1,2025-12-31,2,6
Emerson Moore,EMP10937,0,5,1,1,1,0,51985.19,0,15,Production Manager,MA,43486,1974-11-29,M,Married,Eligible NonCitizen,No,White,2011-06-24,,,Active,Production,Sarah Johnson,2,Website,PIP,3.27,3,0,2013-12-08,2,6
Morgan White,EMP10938,1,1,1,3,3,0,48403.92,0,1,Sales Representative,MA,99395,1983-02-24,M,Married,US Citizen,No,White,2010-07-30,,,Active,Sales,Sarah Johnson,2,Other,Fully Meets,3.34,3,1,2018-08-19,5,7
Logan Johnson,EMP10939,0,2,1,1,3,0,86175.44,0,13,Area Sales Manager,NH,71240,1967-07-09,F,Single,Eligible NonCitizen,No,White,2023-08-28,,,Active,Production,David Brown,8,Employee Referral,Fully Meets,3.48,2,3,2025-12-31,3,3
Drew Anderson,EMP10940,0,1,1,3,3,0,68873.19,0,1,Area Sales Manager,PA,32236,1973-06-09,F,Married,US Citizen,No,White,2024-04-10,,,Active,Sales,David Brown,1,LinkedIn,Fully Meets,4.64,4,0,2025-12-31,2,6
Cameron Anderson,EMP10941,0,3,1,1,3,0,49814.02,0,18,Production Technician II,NJ,49816,1970-09-27,M,Married,US Citizen,Yes,White,2016-07-08,,,Active,Production,Jennifer Davis,2,Google Search,Fully Meets,1.85,4,2,2021-06-23,0,4
Parker Garcia,EMP10942,1,2,1,1,3,0,31944.0,0,11,Area Sales Manager,CT,99289,1970-03-28,M,Married,US Citizen,No,White,2012-11-29,,,Active,Production,Sarah Johnson,6,Indeed,Fully Meets,2.17,4,2,2024-02-26,4,5
Rowan Smith,EMP10943,0,2,1,1,1,0,50433.59,0,7,Area Sales Manager,CT,99543,1968-01-27,M,Single,US Citizen,No,Asian,2020-01-15,,,Active,Production,Jennifer Davis,10,LinkedIn,PIP,4.08,3,1,2025-12-31,2,4
Rowan Taylor,EMP10944,1,3,1,1,3,0,40565.88,0,19,Production Technician I,MA,61601,1961-07-09,F,Single,US Citizen,No,Black or African American,2021-10-04,,,Active,Production,Robert Wilson,7,Employee Referral,Fully Meets,3.55,3,2,2025-12-31,4,6
Riley Anderson,EMP10945,0,5,1,2,3,0,83103.27,0,3,Network Engineer,PA,77703,1968-08-21,F,Married,US Citizen,No,White,2017-12-21,,,Active,IT/IS,James Anderson,4,CareerBuilder,Fully Meets,3.77,5,0,2025-01-02,1,6
Morgan Miller,EMP10946,0,5,1,3,3,0,30000.0,0,8,Sales Representative,NY,15373,1980-01-21,F,Married,US Citizen,No,Asian,2018-12-07,,,Active,Sales,Emily White,4,Google Search,Fully Meets,,4,2,2019-09-18,1,6
Blake Robinson,EMP10947,0,2,1,3,2,0,61954.2,0,2,Sales Representative,MA,24319,1994-11-03,F,Single,US Citizen,No,Two or More Races,2022-05-02,,,Active,Sales,James Anderson,2,LinkedIn,Partially Meets,2.41,4,1,2025-12-31,3,5
Quinn Thomas,EMP10948,0,2,1,6,2,0,33988.02,0,8,President & CEO,MA,23494,1974-01-21,M,Divorced,US Citizen,No,White,2020-09-17,,,Active,Executive Office,Jennifer Davis,2,Indeed,Partially Meets,3.32,1,1,2025-09-29,3,5
Sam Miller,EMP10949,0,1,1,1,3,0,82438.92,0,2,Production Technician II,NH,76704,1965-10-25,F,Married,US Citizen,No,White,2020-10-25,,,Active,Production,Patricia Thomas,5,Website,Fully Meets,3.99,3,0,2025-12-31,2,0
Parker Clark,EMP10950,0,1,1,1,4,0,65995.1,0,10,Production Technician II,MA,77865,1967-04-28,F,Married,US Citizen,No,Black or African American,2019-05-05,,,Active,Production,Jennifer Davis,10,Indeed,Exceeds,3.47,4,1,2020-06-18,2,5
Reese Martin,EMP10951,1,1,5,3,3,0,46848.06,1,13,Sales Manager,CT,57690,1979-04-27,M,Separated,US Citizen,No,Asian,2020-03-14,2024-07-27,Attendance,Terminated,Sales,Daniel Jackson,10,LinkedIn,Fully Meets,3.75,4,0,2025-12-31,1,9
Cameron Clark,EMP10952,0,3,1,1,2,0,61389.91,0,11,Production Manager,NJ,91168,1960-07-25,F,Married,US Citizen,No,White,2024-11-10,,,Active,Production,David Brown,4,LinkedIn,Partially Meets,4.45,3,3,2025-12-31,2,4
Jamie Anderson,EMP10953,1,1,1,1,3,0,50341.48,0,16,Production Technician II,NY,74328,1991-04-30,M,Married,US Citizen,No,White,2019-09-13,,,Active,Production,Jennifer Davis,9,Employee Referral,Fully Meets,2.25,4,3,2025-12-31,1,4
Drew Martin,EMP10954,0,3,1,4,1,0,62668.23,0,5,Office Manager,MA,47427,1974-03-18,F,Married,US Citizen,No,White,2021-09-21,,,Active,Admin Offices,Emily White,8,LinkedIn,PIP,2.81,3,3,2025-09-24,3,5
Jordan Robinson,EMP10955,0,4,1,1,3,0,41800.56,0,5,Production Technician I,CT,79682,1999-07-04,M,Married,US Citizen,No,White,2015-10-03,,,Active,Production,Sarah Johnson,10,Website,Fully Meets,4.43,4,4,2025-12-31,2,8
Quinn Johnson,EMP10956,0,1,1,1,3,1,58414.67,0,14,Area Sales Manager,MA,96402,1988-08-31,F,Divorced,US Citizen,Yes,American Indian or Alaska Native,2021-05-02,,,Active,Production,Patricia Thomas,8,Diversity Job Fair,Fully Meets,3.91,5,1,2025-12-31,6,5
Jordan Miller,EMP10957,0,2,1,5,3,0,65206.57,0,5,Senior Software Engineer,NY,44835,1975-01-16,M,Single,US Citizen,No,American Indian or Alaska Native,2019-07-17,,,Active,Software Engineering,David Brown,6,Employee Referral,Fully Meets,3.9,4,1,2025-12-31,3,6
Harper Davis,EMP10958,0,3,5,1,3,0,66102.01,1,7,Production Technician I,MA,24547,1977-10-23,M,Separated,US Citizen,No,American Indian or Alaska Native,2011-05-07,2015-05-09,Dissatisfaction,Terminated,Production,Jennifer Davis,2,Employee Referral,Fully Meets,3.22,2,1,2012-11-27,2,4
Emerson Wilson,EMP10959,0,4,1,6,2,0,54760.3,0,16,President & CEO,MA,17354,1974-03-08,F,Single,US Citizen,No,Asian,2021-10-22,,,Active,Executive Office,Daniel Jackson,10,Diversity Job Fair,Partially Meets,3.23,5,1,2025-12-31,5,4
Jamie Jackson,EMP10960,1,4,1,1,3,0,100518.5,0,16,Production Technician I,RI,44228,1969-05-08,M,Married,US Citizen,No,Two or More Races,2023-07-21,,,Active,Production,Jennifer Davis,8,Indeed,Fully Meets,4.1,5,2,2025-11-21,1,9
Parker Taylor,EMP10961,0,1,1,1,3,0,44095.35,0,10,Production Technician I,MA,47530,1967-03-16,F,Single,US Citizen,No,White,2011-07-04,,,Active,Production,Lisa Miller,10,CareerBuilder,Fully Meets,3.84,3,3,2021-08-10,2,6
Rowan Smith,EMP10962,0,5,1,1,3,0,39015.84,0,12,Production Manager,MA,38362,1986-01-07,F,Married,US Citizen,No,White,2022-09-17,,,Active,Production,Daniel Jackson,1,CareerBuilder,Fully Meets,3.55,4,5,2025-12-31,1,3
Jamie Davis,EMP10963,0,3,1,1,3,0,73535.62,0,20,Production Technician I,NY,80984,1998-08-21,F,Separated,US Citizen,No,White,2014-04-06,,,Active,Production,Lisa Miller,2,CareerBuilder,Fully Meets,3.44,4,1,2015-10-04,1,5
Rowan Taylor,EMP10964,0,1,1,4,3,0,46508.09,0,19,Human Resources,MA,73735,1983-10-17,M,Married,US Citizen,No,White,2012-12-23,,,Active,Admin Offices,James Anderson,2,LinkedIn,Fully Meets,3.56,2,5,2019-05-06,5,5
Casey Harris,EMP10965,0,2,1,2,3,0,59906.55,0,9,IT Support,NJ,90558,1971-10-30,F,Married,US Citizen,Yes,Asian,2012-11-01,,,Active,IT/IS,Sarah Johnson,9,Employee Referral,Fully Meets,4.01,3,1,2025-12-31,3,1
Rowan Davis,EMP10966,0,1,1,1,3,0,45430.69,0,13,Production Technician II,MA,60999,1981-08-16,F,Single,US Citizen,Yes,Black or African American,2022-08-28,,,Active,Production,David Brown,5,Indeed,Fully Meets,4.21,5,2,2025-12-31,2,6
Casey Martinez,EMP10967,1,3,5,2,2,0,61281.2,1,18,Network Engineer,MA,80504,1990-03-03,F,Married,US Citizen,No,White,2018-08-28,2020-06-26,Dissatisfaction,Terminated,IT/IS,Michael Smith,7,Employee Referral,Partially Meets,4.62,3,1,2025-12-31,5,2
Parker Davis,EMP10968,1,4,1,4,3,0,52757.68,0,6,Human Resources,NY,55857,1962-03-02,M,Married,US Citizen,Yes,White,2017-02-14,,,Active,Admin Offices,Sarah Johnson,5,Indeed,Fully Meets,3.43,5,2,,1,7
Parker Miller,EMP10969,0,2,1,1,3,1,70954.85,0,18,Area Sales Manager,CT,61195,1972-01-05,M,Single,US Citizen,No,Asian,2021-09-29,,,Active,Production,Jennifer Davis,10,LinkedIn,Fully Meets,2.68,4,1,2025-12-31,3,6
Morgan Moore,EMP10970,0,3,1,4,2,0,30449.03,0,2,Office Manager,MA,77499,1976-05-24,F,Divorced,US Citizen,No,White,2022-05-10,,,Active,Admin Offices,Sarah Johnson,3,Indeed,Partially Meets,4.15,4,1,2024-10-27,1,8
Reese Thomas,EMP10971,0,3,1,1,3,0,60950.35,0,7,Production Technician II,CT,83197,1983-12-03,F,Divorced,US Citizen,No,White,2022-12-08,,,Active,Production,Emily White,7,Employee Referral,Fully Meets,3.5,2,2,2025-12-31,1,4
Harper Miller,EMP10972,0,4,1,4,3,0,111300.28,0,19,Human Resources,NJ,60062,1982-01-16,M,Single,US Citizen,No,Two or More Races,2014-05-09,,,Active,Admin Offices,Lisa Miller,3,CareerBuilder,Fully Meets,3.53,3,2,2025-12-31,3,7
Alex Wilson,EMP10973,0,1,1,1,1,0,47921.85,0,8,Production Technician I,MA,98429,1980-11-12,M,Single,US Citizen,No,American Indian or Alaska Native,2015-08-25,,,Active,Production,Emily White,4,LinkedIn,PIP,2.88,5,1,2017-06-17,4,5
Taylor Harris,EMP10974,0,1,1,5,3,1,61933.91,0,6,Software Engineering Manager,MA,14054,1962-12-01,F,Divorced,Eligible NonCitizen,No,Black or African American,2022-02-15,,,Active,Software Engineering,Michael Smith,1,Indeed,Fully Meets,3.84,5,0,2025-12-31,2,3
Drew Garcia,EMP10975,0,3,1,3,3,0,45668.46,0,9,Sales Manager,MA,41145,1988-07-13,M,Single,US Citizen,No,White,2015-09-04,,,Active,Sales,Sarah Johnson,3,Indeed,Fully Meets,3.43,5,0,2025-12-31,1,4
Alex Wilson,EMP10976,0,1,1,1,3,0,112703.75,0,1,Production Manager,CT,67386,1992-09-23,F,Divorced,Eligible NonCitizen,No,White,2019-10-14,,,Active,Production,David Brown,9,CareerBuilder,Fully Meets,4.23,2,1,2024-11-11,2,9
Parker Anderson,EMP10977,0,2,1,1,1,0,80779.48,0,15,Production Technician II,MA,35033,1995-04-29,F,Married,US Citizen,No,Two or More Races,2023-06-03,,,Active,Production,Sarah Johnson,1,Employee Referral,PIP,3.96,4,0,2025-12-31,1,5
Quinn Garcia,EMP10978,0,2,5,5,3,0,93474.72,1,6,Software Engineer,CT,10202,1988-10-25,F,Married,US Citizen,No,White,2018-05-20,2023-10-01,Higher Pay,Terminated,Software Engineering,Jennifer Davis,4,LinkedIn,Fully Meets,2.58,2,0,2025-12-31,1,2
Logan Robinson,EMP10979,0,4,1,1,3,0,54612.86,0,9,Production Technician I,MA,64230,1962-10-03,M,Single,US Citizen,Yes,White,2024-04-08,,,Active,Production,David Brown,5,Website,Fully Meets,3.12,4,3,2025-12-31,3,5
Skyler Smith,EMP10980,0,1,1,2,2,0,39663.13,0,15,IT Manager,MA,99156,1992-06-24,F,Single,US Citizen,No,Hispanic,2012-07-31,,,Active,IT/IS,Michael Smith,9,Diversity Job Fair,Partially Meets,4.06,3,5,2024-06-13,1,2
Skyler Brown,EMP10981,0,4,1,1,3,1,31537.11,0,4,Production Technician II,NH,42777,1972-07-23,M,Divorced,US Citizen,Yes,White,2013-03-02,,,Active,Production,James Anderson,2,Website,Fully Meets,3.97,2,0,2015-09-02,5,6
Rowan Brown,EMP10982,0,3,1,1,3,0,57332.02,0,16,Production Manager,CT,81087,1971-09-01,F,Married,US Citizen,No,Hispanic,2016-02-22,,,Active,Production,Patricia Thomas,9,CareerBuilder,Fully Meets,3.1,4,4,2017-02-24,2,4
Alex Moore,EMP10983,0,1,1,3,3,0,67465.15,0,10,Sales Manager,MA,95279,1982-08-13,M,Married,US Citizen,No,White,2015-03-07,,,Active,Sales,Lisa Miller,7,Employee Referral,Fully Meets,4.14,3,2,2024-02-05,3,3
Harper Miller,EMP10984,0,5,1,3,2,0,80031.83,0,5,Area Sales Manager,CT,34714,1961-03-13,M,Married,US Citizen,No,White,2018-02-13,,,Active,Sales,Robert Wilson,5,CareerBuilder,Partially Meets,4.52,4,0,2023-08-29,1,5
Emerson Clark,EMP10985,0,2,1,1,1,0,81228.41,0,17,Production Technician I,MA,95294,1998-08-13,F,Married,US Citizen,No,Two or More Races,2014-11-12,,,Active,Production,David Brown,7,Google Search,PIP,4.16,3,3,2021-06-06,5,5
Blake Davis,EMP10986,0,4,1,2,3,0,30000.0,0,11,IT Manager,RI,58692,1971-09-20,F,Single,US Citizen,No,White,2014-02-19,,,Active,IT/IS,James Anderson,1,Website,Fully Meets,3.03,3,2,2023-04-01,1,5
Blake Moore,EMP10987,0,1,1,2,3,0,47277.58,0,15,Network Engineer,NY,84852,1979-07-14,M,Married,US Citizen,No,White,2024-04-09,,,Active,IT/IS,Sarah Johnson,1,LinkedIn,Fully Meets,3.71,3,1,2025-12-31,3,8
Logan Wilson,EMP10988,0,2,1,1,3,0,55188.95,0,19,Production Technician I,NY,89425,1961-08-12,M,Married,US Citizen,Yes,Asian,2019-08-01,,,Active,Production,Sarah Johnson,3,Website,Fully Meets,2.5,3,1,2022-10-25,3,3
Casey Robinson,EMP10989,0,5,1,6,3,0,49063.82,0,13,Executive Assistant,MA,11303,1992-06-18,F,Married,US Citizen,No,White,2018-12-04,,,Active,Executive Office,Daniel Jackson,2,Indeed,Fully Meets,4.09,1,3,2019-01-20,2,7
Skyler Davis,EMP10990,0,4,1,2,4,1,80514.71,0,7,Network Engineer,NH,86747,1993-10-12,M,Married,US Citizen,No,White,2023-02-25,,,Active,IT/IS,David Brown,6,LinkedIn,Exceeds,2.47,4,2,2025-12-31,2,4
Blake Thomas,EMP10991,0,3,1,1,3,0,45467.94,0,10,Production Manager,MA,36561,1981-04-29,F,Married,US Citizen,Yes,Hispanic,2015-10-28,,,Active,Production,Emily White,2,LinkedIn,Fully Meets,3.93,1,1,2018-12-29,2,6
Emerson Moore,EMP10992,0,4,1,4,3,0,85168.04,0,3,Office Manager,PA,96172,1979-01-03,M,Married,US Citizen,Yes,Hispanic,2017-04-13,,,Active,Admin Offices,David Brown,2,CareerBuilder,Fully Meets,4.07,4,2,2025-11-20,2,1
Skyler Davis,EMP10993,0,1,1,1,3,0,75649.44,0,17,Production Technician I,MA,66532,1992-03-31,F,Married,US Citizen,No,Two or More Races,2023-03-21,,,Active,Production,Daniel Jackson,8,Indeed,Fully Meets,3.56,3,1,2025-12-31,1,6
Alex Martin,EMP10994,0,3,1,1,3,0,46151.34,0,12,Area Sales Manager,PA,43156,1965-05-23,F,Married,US Citizen,No,White,2017-03-29,,,Active,Production,Daniel Jackson,3,Employee Referral,Fully Meets,2.7,3,1,2025-12-31,1,5
Jordan Garcia,EMP10995,0,1,1,1,3,0,34289.66,0,18,Production Manager,CT,54123,1961-07-29,M,Single,US Citizen,No,White,2021-03-06,,,Active,Production,Jennifer Davis,9,LinkedIn,Fully Meets,2.91,1,1,2025-12-31,0,6
Logan Miller,EMP10996,0,5,1,1,3,0,51590.61,0,12,Production Technician I,RI,14911,1961-12-31,M,Single,US Citizen,Yes,Asian,2015-07-19,,,Active,Production,Lisa Miller,1,Other,Fully Meets,4.08,1,3,2018-03-05,2,9
Avery Thomas,EMP10997,0,4,1,1,2,0,96562.84,0,13,Area Sales Manager,MA,33162,1970-11-12,F,Married,US Citizen,Yes,White,2011-12-26,,,Active,Production,,4,Google Search,Partially Meets,,3,1,2019-10-11,3,9
Skyler Thompson,EMP10998,1,5,1,3,3,1,39633.88,0,19,Sales Representative,MA,33115,1967-12-22,F,Single,US Citizen,No,Asian,2022-04-11,,,Active,Sales,James Anderson,1,LinkedIn,Fully Meets,2.75,4,1,2025-12-31,1,7
Riley Thomas,EMP10999,0,2,1,1,2,0,59766.86,0,14,Production Manager,MA,42701,1983-01-13,F,Married,US Citizen,No,White,2014-07-22,,,Active,Production,Patricia Thomas,1,Google Search,Partially Meets,3.64,4,0,2018-08-21,1,8
